{
  "window_size": 5,
  "embed_dim": 32,
  "n_components": 5,
  "model_type": "embed_hmm",
  "smooth_kernel": 3,
  "recon_loss": 0.0273329255481561,
  "hmm_score": -492.7998470321067,
  "segmentation_consistency": 0.9183673469387755,
  "boundary_stability": 1.0,
  "mean_state_duration": 10.0,
  "std_state_duration": 3.286335345030997,
  "time_sec": 0.7177028656005859
}