{
  "window_size": 10,
  "embed_dim": 32,
  "n_components": 3,
  "model_type": "embed_hmm",
  "smooth_kernel": 5,
  "recon_loss": 0.04218235860268275,
  "hmm_score": -550.3533177555925,
  "segmentation_consistency": 0.9591836734693877,
  "boundary_stability": 1.0,
  "mean_state_duration": 16.666666666666668,
  "std_state_duration": 3.2998316455372216,
  "time_sec": 1.0126681327819824
}