{
  "window_size": 5,
  "embed_dim": 16,
  "n_components": 5,
  "model_type": "embed_hmm",
  "smooth_kernel": 5,
  "recon_loss": 0.04474091405669848,
  "hmm_score": -450.52393263947664,
  "segmentation_consistency": 0.9183673469387755,
  "boundary_stability": 1.0,
  "mean_state_duration": 10.0,
  "std_state_duration": 3.521363372331802,
  "time_sec": 0.7274208068847656
}