{
  "window_size": 10,
  "embed_dim": 16,
  "n_components": 3,
  "model_type": "embed_hmm",
  "smooth_kernel": 3,
  "recon_loss": 0.07775645827253659,
  "hmm_score": -469.60900513694276,
  "segmentation_consistency": 0.9591836734693877,
  "boundary_stability": 1.0,
  "mean_state_duration": 16.666666666666668,
  "std_state_duration": 2.8674417556808756,
  "time_sec": 1.0622408390045166
}