center_timestep,cluster_label
2,-1
3,-1
4,-1
5,-1
6,-1
7,0
8,0
9,0
10,0
11,0
12,0
13,0
14,0
15,0
16,0
17,0
18,0
19,0
20,0
21,0
22,0
23,0
24,0
25,0
26,0
27,0
28,0
29,0
30,-1
31,-1
32,-1
33,-1
34,-1
35,-1
36,-1
37,2
38,2
39,2
40,2
41,2
42,2
43,2
44,2
45,2
46,2
47,2
48,2
49,2
50,2
51,2
52,2
53,2
54,2
55,3
56,3
57,3
58,3
59,3
60,3
61,3
62,3
63,3
64,3
65,3
66,3
67,3
68,3
69,3
70,3
71,3
72,3
73,3
74,3
75,3
76,3
77,3
78,3
79,3
80,3
81,3
82,3
83,3
84,3
85,3
86,3
87,3
88,3
89,3
90,3
91,3
92,3
93,3
94,3
95,3
96,3
97,3
98,3
99,3
100,3
101,3
102,3
103,3
104,3
105,3
106,3
107,3
108,3
109,3
110,3
111,3
112,3
113,3
114,3
115,3
116,3
117,3
118,3
119,3
120,3
121,3
122,3
123,3
124,3
125,3
126,3
127,3
128,3
129,3
130,3
131,3
132,3
133,3
134,3
135,3
136,3
137,3
138,3
139,3
140,3
141,3
142,3
143,3
144,3
145,3
146,3
147,3
148,3
149,3
150,3
151,3
152,3
153,3
154,3
155,3
156,3
157,3
158,3
159,3
160,3
161,3
162,3
163,3
164,3
165,3
166,3
167,3
168,3
169,3
170,3
171,3
172,3
173,3
174,3
175,3
176,3
177,3
178,3
179,3
180,3
181,3
182,3
183,3
184,3
185,3
186,3
187,3
188,3
189,3
190,3
191,3
192,3
193,3
194,3
195,3
196,3
197,3
198,3
199,3
200,3
201,3
202,3
203,3
204,3
205,3
206,3
207,3
208,3
209,3
210,3
211,3
212,3
213,3
214,3
215,3
216,3
217,3
218,3
219,3
220,3
221,3
222,3
223,3
224,3
225,3
226,3
227,3
228,3
229,3
230,3
231,3
232,3
233,3
234,3
235,3
236,3
237,3
238,3
239,3
240,3
241,3
242,3
243,3
244,3
245,3
246,3
247,3
248,3
249,3
250,3
251,3
252,3
253,3
254,3
255,3
256,3
257,3
258,3
259,3
260,3
261,3
262,3
263,3
264,3
265,3
266,3
267,3
268,3
269,3
270,3
271,3
272,3
273,3
274,3
275,3
276,3
277,3
278,3
279,3
280,3
281,3
282,3
283,3
284,3
285,3
286,3
287,3
288,3
289,3
290,3
291,3
292,3
293,3
294,3
295,3
296,3
297,3
298,3
299,3
300,3
301,1
302,1
303,1
304,1
305,1
306,1
307,1
308,1
309,1
310,1
311,1
312,1
313,1
314,1
315,1
316,1
317,1
318,1
319,1
320,1
321,1
322,1
323,1
324,-1
325,-1
326,-1
327,-1
328,-1
329,-1
330,-1
331,-1
332,-1
333,-1
334,-1
335,-1
336,6
337,6
338,6
339,6
340,6
341,6
342,6
343,6
344,6
345,6
346,6
347,6
348,6
349,6
350,6
351,6
352,6
353,6
354,6
355,6
356,6
357,6
358,6
359,6
360,-1
361,55
362,-1
363,55
364,-1
365,55
366,55
367,55
368,-1
369,-1
370,28
371,28
372,28
373,28
374,28
375,13
376,13
377,-1
378,-1
379,-1
380,-1
381,15
382,15
383,15
384,-1
385,-1
386,-1
387,-1
388,-1
389,-1
390,-1
391,-1
392,-1
393,-1
394,-1
395,-1
396,-1
397,-1
398,55
399,55
400,-1
401,-1
402,55
403,55
404,55
405,55
406,55
407,55
408,55
409,55
410,55
411,55
412,55
413,55
414,55
415,55
416,55
417,55
418,55
419,55
420,55
421,55
422,55
423,55
424,55
425,55
426,55
427,55
428,55
429,55
430,55
431,55
432,55
433,55
434,55
435,55
436,55
437,55
438,55
439,-1
440,-1
441,-1
442,55
443,55
444,55
445,55
446,55
447,55
448,55
449,-1
450,55
451,55
452,55
453,55
454,-1
455,55
456,55
457,55
458,55
459,55
460,-1
461,-1
462,28
463,28
464,28
465,28
466,28
467,13
468,13
469,-1
470,-1
471,9
472,-1
473,15
474,15
475,-1
476,-1
477,-1
478,-1
479,-1
480,-1
481,-1
482,-1
483,-1
484,-1
485,-1
486,-1
487,-1
488,55
489,55
490,-1
491,-1
492,55
493,55
494,55
495,55
496,55
497,55
498,55
499,55
500,55
501,55
502,55
503,55
504,55
505,55
506,55
507,55
508,55
509,55
510,55
511,55
512,55
513,55
514,55
515,55
516,55
517,55
518,55
519,55
520,55
521,55
522,55
523,55
524,55
525,55
526,-1
527,-1
528,-1
529,-1
530,55
531,55
532,55
533,55
534,55
535,55
536,-1
537,55
538,55
539,55
540,55
541,-1
542,55
543,55
544,55
545,55
546,55
547,-1
548,-1
549,28
550,28
551,28
552,28
553,28
554,13
555,13
556,12
557,12
558,9
559,-1
560,15
561,15
562,-1
563,-1
564,-1
565,-1
566,-1
567,-1
568,-1
569,-1
570,-1
571,-1
572,-1
573,-1
574,-1
575,56
576,56
577,-1
578,-1
579,56
580,56
581,56
582,56
583,56
584,56
585,56
586,56
587,56
588,56
589,56
590,56
591,56
592,56
593,56
594,56
595,56
596,56
597,56
598,56
599,56
600,56
601,56
602,56
603,56
604,56
605,56
606,56
607,56
608,56
609,56
610,56
611,56
612,56
613,56
614,56
615,56
616,-1
617,-1
618,-1
619,-1
620,56
621,56
622,56
623,56
624,56
625,56
626,-1
627,56
628,56
629,56
630,56
631,-1
632,56
633,56
634,56
635,56
636,56
637,-1
638,-1
639,28
640,28
641,28
642,28
643,28
644,13
645,13
646,12
647,12
648,9
649,-1
650,15
651,15
652,-1
653,-1
654,-1
655,-1
656,-1
657,-1
658,-1
659,-1
660,-1
661,-1
662,-1
663,-1
664,-1
665,54
666,54
667,-1
668,-1
669,54
670,54
671,54
672,54
673,54
674,54
675,54
676,54
677,54
678,54
679,54
680,54
681,54
682,54
683,54
684,54
685,54
686,54
687,54
688,54
689,54
690,54
691,54
692,54
693,54
694,54
695,54
696,54
697,54
698,54
699,54
700,54
701,54
702,54
703,54
704,54
705,54
706,-1
707,-1
708,-1
709,-1
710,54
711,54
712,54
713,54
714,54
715,54
716,54
717,54
718,-1
719,54
720,-1
721,-1
722,-1
723,-1
724,-1
725,-1
726,-1
727,-1
728,-1
729,28
730,28
731,28
732,28
733,28
734,13
735,13
736,12
737,12
738,9
739,-1
740,15
741,15
742,-1
743,15
744,-1
745,-1
746,-1
747,-1
748,-1
749,-1
750,-1
751,-1
752,-1
753,-1
754,-1
755,-1
756,51
757,51
758,51
759,51
760,51
761,51
762,51
763,51
764,51
765,51
766,51
767,51
768,51
769,51
770,51
771,51
772,51
773,51
774,51
775,51
776,51
777,51
778,51
779,51
780,51
781,51
782,51
783,51
784,51
785,51
786,51
787,51
788,51
789,51
790,51
791,51
792,51
793,51
794,51
795,51
796,-1
797,-1
798,-1
799,-1
800,-1
801,-1
802,50
803,-1
804,-1
805,-1
806,51
807,-1
808,51
809,51
810,-1
811,-1
812,-1
813,-1
814,-1
815,-1
816,-1
817,-1
818,28
819,28
820,28
821,28
822,28
823,13
824,13
825,-1
826,-1
827,9
828,-1
829,15
830,15
831,15
832,-1
833,-1
834,-1
835,-1
836,-1
837,-1
838,-1
839,-1
840,-1
841,-1
842,-1
843,-1
844,-1
845,-1
846,50
847,50
848,-1
849,-1
850,50
851,50
852,50
853,50
854,50
855,50
856,50
857,50
858,50
859,50
860,50
861,50
862,50
863,50
864,50
865,50
866,50
867,50
868,50
869,50
870,50
871,50
872,50
873,50
874,50
875,50
876,50
877,50
878,50
879,50
880,50
881,50
882,50
883,50
884,50
885,50
886,50
887,-1
888,-1
889,50
890,50
891,50
892,50
893,50
894,50
895,-1
896,-1
897,-1
898,-1
899,-1
900,-1
901,-1
902,-1
903,-1
904,50
905,50
906,50
907,-1
908,-1
909,28
910,28
911,28
912,28
913,28
914,13
915,13
916,-1
917,12
918,9
919,-1
920,15
921,15
922,-1
923,-1
924,-1
925,-1
926,-1
927,-1
928,-1
929,-1
930,-1
931,-1
932,-1
933,-1
934,-1
935,-1
936,50
937,-1
938,-1
939,50
940,50
941,50
942,50
943,50
944,50
945,50
946,50
947,-1
948,50
949,50
950,50
951,50
952,50
953,50
954,50
955,50
956,50
957,50
958,50
959,50
960,50
961,50
962,50
963,50
964,-1
965,50
966,-1
967,-1
968,-1
969,50
970,50
971,50
972,50
973,50
974,50
975,-1
976,-1
977,-1
978,-1
979,-1
980,-1
981,-1
982,-1
983,-1
984,50
985,50
986,-1
987,-1
988,-1
989,50
990,-1
991,-1
992,-1
993,-1
994,-1
995,-1
996,-1
997,-1
998,28
999,28
1000,28
1001,28
1002,28
1003,13
1004,13
1005,12
1006,12
1007,-1
1008,-1
1009,15
1010,15
1011,-1
1012,-1
1013,-1
1014,-1
1015,-1
1016,-1
1017,-1
1018,-1
1019,-1
1020,-1
1021,-1
1022,-1
1023,-1
1024,-1
1025,-1
1026,-1
1027,-1
1028,-1
1029,-1
1030,-1
1031,-1
1032,-1
1033,-1
1034,-1
1035,-1
1036,-1
1037,-1
1038,-1
1039,-1
1040,-1
1041,-1
1042,-1
1043,-1
1044,-1
1045,-1
1046,-1
1047,-1
1048,-1
1049,-1
1050,-1
1051,-1
1052,-1
1053,-1
1054,-1
1055,-1
1056,-1
1057,-1
1058,-1
1059,-1
1060,-1
1061,-1
1062,-1
1063,-1
1064,-1
1065,-1
1066,-1
1067,-1
1068,-1
1069,-1
1070,-1
1071,-1
1072,-1
1073,-1
1074,-1
1075,-1
1076,-1
1077,-1
1078,-1
1079,-1
1080,-1
1081,-1
1082,-1
1083,-1
1084,-1
1085,-1
1086,-1
1087,-1
1088,-1
1089,28
1090,28
1091,28
1092,28
1093,28
1094,-1
1095,13
1096,12
1097,-1
1098,9
1099,-1
1100,15
1101,15
1102,-1
1103,-1
1104,-1
1105,-1
1106,-1
1107,-1
1108,-1
1109,-1
1110,-1
1111,-1
1112,-1
1113,-1
1114,-1
1115,-1
1116,-1
1117,-1
1118,-1
1119,-1
1120,-1
1121,-1
1122,-1
1123,-1
1124,-1
1125,-1
1126,-1
1127,-1
1128,-1
1129,-1
1130,-1
1131,-1
1132,-1
1133,-1
1134,-1
1135,-1
1136,-1
1137,-1
1138,-1
1139,-1
1140,-1
1141,-1
1142,-1
1143,-1
1144,-1
1145,-1
1146,-1
1147,-1
1148,-1
1149,-1
1150,-1
1151,-1
1152,-1
1153,-1
1154,-1
1155,-1
1156,-1
1157,-1
1158,-1
1159,-1
1160,-1
1161,-1
1162,-1
1163,-1
1164,-1
1165,-1
1166,-1
1167,-1
1168,-1
1169,-1
1170,-1
1171,-1
1172,-1
1173,-1
1174,-1
1175,-1
1176,-1
1177,-1
1178,-1
1179,28
1180,28
1181,28
1182,-1
1183,13
1184,13
1185,12
1186,12
1187,9
1188,-1
1189,15
1190,-1
1191,-1
1192,-1
1193,-1
1194,-1
1195,-1
1196,-1
1197,-1
1198,-1
1199,-1
1200,-1
1201,-1
1202,-1
1203,-1
1204,-1
1205,-1
1206,-1
1207,-1
1208,-1
1209,-1
1210,-1
1211,-1
1212,-1
1213,-1
1214,-1
1215,-1
1216,-1
1217,-1
1218,-1
1219,-1
1220,-1
1221,-1
1222,-1
1223,-1
1224,-1
1225,-1
1226,-1
1227,-1
1228,-1
1229,-1
1230,-1
1231,-1
1232,-1
1233,-1
1234,-1
1235,-1
1236,-1
1237,-1
1238,-1
1239,-1
1240,-1
1241,-1
1242,-1
1243,-1
1244,-1
1245,-1
1246,-1
1247,-1
1248,-1
1249,-1
1250,-1
1251,-1
1252,-1
1253,-1
1254,-1
1255,-1
1256,-1
1257,-1
1258,-1
1259,-1
1260,-1
1261,-1
1262,-1
1263,-1
1264,-1
1265,-1
1266,-1
1267,-1
1268,28
1269,-1
1270,-1
1271,-1
1272,-1
1273,-1
1274,9
1275,-1
1276,-1
1277,-1
1278,-1
1279,-1
1280,-1
1281,-1
1282,-1
1283,-1
1284,-1
1285,-1
1286,-1
1287,-1
1288,-1
1289,-1
1290,-1
1291,-1
1292,-1
1293,-1
1294,-1
1295,-1
1296,-1
1297,46
1298,-1
1299,-1
1300,-1
1301,47
1302,46
1303,47
1304,47
1305,46
1306,47
1307,-1
1308,-1
1309,47
1310,46
1311,47
1312,47
1313,46
1314,47
1315,47
1316,-1
1317,47
1318,46
1319,47
1320,47
1321,46
1322,-1
1323,-1
1324,-1
1325,47
1326,46
1327,47
1328,47
1329,46
1330,-1
1331,47
1332,-1
1333,47
1334,46
1335,-1
1336,47
1337,46
1338,-1
1339,-1
1340,-1
1341,47
1342,46
1343,-1
1344,47
1345,46
1346,-1
1347,-1
1348,-1
1349,-1
1350,-1
1351,-1
1352,-1
1353,29
1354,29
1355,29
1356,-1
1357,-1
1358,-1
1359,-1
1360,-1
1361,-1
1362,-1
1363,-1
1364,-1
1365,-1
1366,-1
1367,-1
1368,-1
1369,-1
1370,-1
1371,-1
1372,-1
1373,-1
1374,-1
1375,-1
1376,-1
1377,-1
1378,-1
1379,-1
1380,-1
1381,47
1382,46
1383,47
1384,47
1385,46
1386,-1
1387,-1
1388,-1
1389,-1
1390,-1
1391,-1
1392,47
1393,46
1394,-1
1395,-1
1396,-1
1397,-1
1398,-1
1399,47
1400,47
1401,46
1402,47
1403,47
1404,-1
1405,47
1406,46
1407,47
1408,47
1409,46
1410,47
1411,47
1412,-1
1413,47
1414,46
1415,47
1416,47
1417,46
1418,-1
1419,-1
1420,-1
1421,47
1422,46
1423,47
1424,47
1425,46
1426,47
1427,47
1428,-1
1429,47
1430,46
1431,47
1432,47
1433,46
1434,-1
1435,-1
1436,-1
1437,-1
1438,-1
1439,-1
1440,-1
1441,-1
1442,29
1443,29
1444,29
1445,29
1446,13
1447,-1
1448,-1
1449,-1
1450,9
1451,-1
1452,16
1453,-1
1454,-1
1455,-1
1456,-1
1457,-1
1458,-1
1459,-1
1460,-1
1461,-1
1462,-1
1463,-1
1464,-1
1465,-1
1466,-1
1467,-1
1468,-1
1469,47
1470,46
1471,47
1472,47
1473,46
1474,47
1475,47
1476,46
1477,47
1478,46
1479,47
1480,47
1481,46
1482,47
1483,47
1484,46
1485,47
1486,46
1487,47
1488,47
1489,46
1490,47
1491,47
1492,46
1493,47
1494,46
1495,47
1496,47
1497,46
1498,47
1499,47
1500,46
1501,47
1502,46
1503,47
1504,47
1505,46
1506,47
1507,47
1508,46
1509,47
1510,46
1511,47
1512,47
1513,46
1514,47
1515,47
1516,46
1517,47
1518,46
1519,47
1520,47
1521,46
1522,47
1523,47
1524,46
1525,47
1526,46
1527,47
1528,47
1529,46
1530,47
1531,47
1532,-1
1533,-1
1534,29
1535,29
1536,29
1537,29
1538,29
1539,-1
1540,-1
1541,-1
1542,-1
1543,9
1544,-1
1545,-1
1546,16
1547,-1
1548,-1
1549,-1
1550,-1
1551,47
1552,47
1553,46
1554,47
1555,47
1556,-1
1557,47
1558,46
1559,47
1560,47
1561,46
1562,47
1563,-1
1564,46
1565,47
1566,-1
1567,-1
1568,-1
1569,-1
1570,-1
1571,-1
1572,-1
1573,-1
1574,-1
1575,-1
1576,-1
1577,-1
1578,-1
1579,37
1580,-1
1581,-1
1582,37
1583,37
1584,37
1585,37
1586,37
1587,37
1588,37
1589,37
1590,37
1591,37
1592,37
1593,37
1594,37
1595,37
1596,37
1597,37
1598,37
1599,37
1600,-1
1601,-1
1602,-1
1603,-1
1604,-1
1605,-1
1606,-1
1607,-1
1608,-1
1609,-1
1610,-1
1611,-1
1612,-1
1613,-1
1614,-1
1615,-1
1616,-1
1617,-1
1618,37
1619,37
1620,37
1621,37
1622,37
1623,37
1624,37
1625,37
1626,37
1627,37
1628,-1
1629,-1
1630,-1
1631,-1
1632,-1
1633,-1
1634,-1
1635,-1
1636,-1
1637,-1
1638,-1
1639,-1
1640,16
1641,-1
1642,-1
1643,39
1644,39
1645,39
1646,39
1647,39
1648,39
1649,39
1650,39
1651,39
1652,39
1653,39
1654,39
1655,39
1656,39
1657,39
1658,39
1659,39
1660,39
1661,39
1662,39
1663,39
1664,39
1665,39
1666,39
1667,39
1668,39
1669,39
1670,39
1671,39
1672,39
1673,39
1674,39
1675,39
1676,39
1677,39
1678,39
1679,39
1680,39
1681,39
1682,39
1683,39
1684,-1
1685,-1
1686,-1
1687,-1
1688,-1
1689,-1
1690,-1
1691,-1
1692,-1
1693,-1
1694,-1
1695,-1
1696,39
1697,39
1698,39
1699,39
1700,39
1701,39
1702,39
1703,39
1704,39
1705,39
1706,39
1707,39
1708,39
1709,39
1710,39
1711,39
1712,39
1713,39
1714,39
1715,39
1716,39
1717,39
1718,-1
1719,29
1720,29
1721,29
1722,-1
1723,14
1724,14
1725,-1
1726,-1
1727,-1
1728,-1
1729,16
1730,16
1731,-1
1732,-1
1733,39
1734,39
1735,39
1736,39
1737,39
1738,39
1739,39
1740,39
1741,39
1742,39
1743,39
1744,39
1745,39
1746,39
1747,39
1748,39
1749,39
1750,39
1751,39
1752,39
1753,39
1754,39
1755,39
1756,39
1757,39
1758,39
1759,39
1760,39
1761,39
1762,39
1763,39
1764,39
1765,39
1766,39
1767,39
1768,39
1769,39
1770,39
1771,39
1772,39
1773,39
1774,39
1775,39
1776,39
1777,39
1778,39
1779,39
1780,39
1781,39
1782,39
1783,39
1784,-1
1785,-1
1786,-1
1787,-1
1788,-1
1789,-1
1790,-1
1791,39
1792,39
1793,39
1794,39
1795,39
1796,39
1797,39
1798,39
1799,39
1800,39
1801,39
1802,39
1803,39
1804,39
1805,39
1806,39
1807,39
1808,39
1809,39
1810,39
1811,39
1812,39
1813,29
1814,29
1815,29
1816,29
1817,29
1818,14
1819,14
1820,-1
1821,-1
1822,-1
1823,-1
1824,16
1825,16
1826,16
1827,-1
1828,39
1829,39
1830,39
1831,39
1832,39
1833,39
1834,39
1835,39
1836,39
1837,39
1838,39
1839,39
1840,39
1841,39
1842,39
1843,39
1844,39
1845,39
1846,39
1847,39
1848,39
1849,39
1850,39
1851,39
1852,39
1853,39
1854,39
1855,39
1856,39
1857,39
1858,39
1859,39
1860,39
1861,39
1862,39
1863,39
1864,39
1865,39
1866,-1
1867,-1
1868,-1
1869,-1
1870,-1
1871,-1
1872,-1
1873,-1
1874,-1
1875,-1
1876,-1
1877,39
1878,39
1879,39
1880,39
1881,39
1882,39
1883,39
1884,39
1885,39
1886,39
1887,39
1888,39
1889,39
1890,39
1891,39
1892,39
1893,39
1894,39
1895,39
1896,39
1897,39
1898,39
1899,39
1900,39
1901,39
1902,39
1903,39
1904,39
1905,39
1906,39
1907,29
1908,29
1909,29
1910,29
1911,29
1912,-1
1913,14
1914,-1
1915,-1
1916,-1
1917,-1
1918,16
1919,16
1920,16
1921,-1
1922,39
1923,39
1924,39
1925,39
1926,39
1927,39
1928,39
1929,39
1930,39
1931,39
1932,39
1933,39
1934,39
1935,39
1936,39
1937,39
1938,39
1939,39
1940,39
1941,39
1942,39
1943,39
1944,39
1945,39
1946,39
1947,39
1948,39
1949,39
1950,39
1951,39
1952,39
1953,39
1954,39
1955,39
1956,39
1957,39
1958,39
1959,39
1960,39
1961,39
1962,39
1963,-1
1964,-1
1965,-1
1966,-1
1967,-1
1968,-1
1969,-1
1970,-1
1971,-1
1972,-1
1973,39
1974,39
1975,39
1976,39
1977,39
1978,39
1979,39
1980,39
1981,39
1982,39
1983,39
1984,39
1985,39
1986,39
1987,39
1988,39
1989,39
1990,39
1991,39
1992,39
1993,39
1994,39
1995,39
1996,39
1997,39
1998,39
1999,39
2000,29
2001,29
2002,29
2003,29
2004,29
2005,14
2006,14
2007,-1
2008,-1
2009,-1
2010,-1
2011,16
2012,16
2013,-1
2014,-1
2015,-1
2016,-1
2017,-1
2018,-1
2019,-1
2020,-1
2021,-1
2022,-1
2023,39
2024,39
2025,39
2026,39
2027,39
2028,39
2029,39
2030,39
2031,39
2032,39
2033,39
2034,39
2035,39
2036,39
2037,39
2038,39
2039,39
2040,39
2041,39
2042,39
2043,39
2044,39
2045,39
2046,39
2047,39
2048,39
2049,39
2050,39
2051,39
2052,39
2053,39
2054,39
2055,39
2056,39
2057,39
2058,39
2059,39
2060,39
2061,39
2062,39
2063,39
2064,39
2065,39
2066,39
2067,39
2068,39
2069,39
2070,39
2071,39
2072,39
2073,39
2074,39
2075,39
2076,39
2077,39
2078,39
2079,39
2080,39
2081,39
2082,39
2083,39
2084,29
2085,29
2086,29
2087,29
2088,29
2089,14
2090,14
2091,-1
2092,-1
2093,10
2094,-1
2095,16
2096,16
2097,16
2098,-1
2099,39
2100,39
2101,39
2102,39
2103,39
2104,39
2105,-1
2106,-1
2107,-1
2108,-1
2109,-1
2110,-1
2111,-1
2112,39
2113,39
2114,39
2115,39
2116,39
2117,39
2118,39
2119,39
2120,39
2121,39
2122,39
2123,39
2124,39
2125,39
2126,39
2127,39
2128,39
2129,39
2130,39
2131,39
2132,39
2133,39
2134,39
2135,39
2136,39
2137,39
2138,39
2139,39
2140,39
2141,39
2142,39
2143,39
2144,39
2145,39
2146,39
2147,39
2148,39
2149,39
2150,39
2151,39
2152,39
2153,39
2154,39
2155,39
2156,39
2157,39
2158,39
2159,39
2160,39
2161,39
2162,39
2163,39
2164,39
2165,39
2166,39
2167,39
2168,-1
2169,39
2170,39
2171,39
2172,39
2173,39
2174,39
2175,39
2176,39
2177,29
2178,29
2179,29
2180,29
2181,29
2182,14
2183,-1
2184,-1
2185,-1
2186,10
2187,-1
2188,16
2189,16
2190,-1
2191,-1
2192,-1
2193,-1
2194,-1
2195,-1
2196,-1
2197,-1
2198,-1
2199,-1
2200,-1
2201,-1
2202,-1
2203,39
2204,39
2205,39
2206,39
2207,39
2208,39
2209,39
2210,39
2211,39
2212,39
2213,39
2214,39
2215,39
2216,39
2217,39
2218,39
2219,39
2220,39
2221,39
2222,39
2223,39
2224,39
2225,39
2226,39
2227,39
2228,39
2229,39
2230,39
2231,-1
2232,-1
2233,-1
2234,34
2235,34
2236,34
2237,34
2238,34
2239,34
2240,34
2241,34
2242,34
2243,34
2244,34
2245,34
2246,34
2247,34
2248,-1
2249,-1
2250,34
2251,-1
2252,-1
2253,-1
2254,-1
2255,-1
2256,-1
2257,-1
2258,-1
2259,-1
2260,-1
2261,-1
2262,-1
2263,-1
2264,-1
2265,-1
2266,-1
2267,-1
2268,-1
2269,-1
2270,-1
2271,-1
2272,-1
2273,-1
2274,-1
2275,-1
2276,-1
2277,-1
2278,-1
2279,-1
2280,-1
2281,-1
2282,-1
2283,-1
2284,-1
2285,-1
2286,-1
2287,-1
2288,-1
2289,-1
2290,-1
2291,-1
2292,-1
2293,-1
2294,-1
2295,-1
2296,-1
2297,40
2298,-1
2299,-1
2300,-1
2301,-1
2302,40
2303,42
2304,-1
2305,40
2306,-1
2307,-1
2308,-1
2309,-1
2310,-1
2311,-1
2312,41
2313,40
2314,42
2315,-1
2316,-1
2317,-1
2318,40
2319,42
2320,41
2321,40
2322,42
2323,-1
2324,-1
2325,41
2326,40
2327,42
2328,41
2329,40
2330,42
2331,-1
2332,-1
2333,-1
2334,40
2335,42
2336,41
2337,40
2338,-1
2339,-1
2340,-1
2341,-1
2342,-1
2343,-1
2344,41
2345,40
2346,42
2347,-1
2348,-1
2349,41
2350,40
2351,42
2352,41
2353,-1
2354,-1
2355,-1
2356,-1
2357,-1
2358,-1
2359,42
2360,-1
2361,-1
2362,-1
2363,-1
2364,-1
2365,-1
2366,-1
2367,-1
2368,-1
2369,-1
2370,-1
2371,-1
2372,-1
2373,10
2374,-1
2375,-1
2376,-1
2377,-1
2378,-1
2379,-1
2380,-1
2381,-1
2382,-1
2383,-1
2384,-1
2385,-1
2386,-1
2387,-1
2388,-1
2389,-1
2390,-1
2391,42
2392,41
2393,40
2394,42
2395,-1
2396,-1
2397,41
2398,40
2399,42
2400,41
2401,40
2402,42
2403,-1
2404,40
2405,41
2406,40
2407,42
2408,41
2409,40
2410,42
2411,-1
2412,-1
2413,41
2414,40
2415,42
2416,41
2417,40
2418,42
2419,-1
2420,-1
2421,41
2422,40
2423,42
2424,41
2425,40
2426,42
2427,-1
2428,40
2429,41
2430,40
2431,42
2432,41
2433,40
2434,42
2435,41
2436,40
2437,41
2438,40
2439,42
2440,41
2441,40
2442,42
2443,41
2444,-1
2445,-1
2446,-1
2447,-1
2448,-1
2449,-1
2450,41
2451,40
2452,41
2453,-1
2454,-1
2455,-1
2456,-1
2457,-1
2458,-1
2459,-1
2460,-1
2461,-1
2462,-1
2463,-1
2464,-1
2465,-1
2466,-1
2467,-1
2468,-1
2469,-1
2470,40
2471,42
2472,41
2473,-1
2474,-1
2475,-1
2476,-1
2477,-1
2478,-1
2479,-1
2480,41
2481,40
2482,42
2483,41
2484,40
2485,41
2486,40
2487,42
2488,41
2489,40
2490,42
2491,41
2492,40
2493,41
2494,40
2495,42
2496,41
2497,40
2498,41
2499,-1
2500,-1
2501,41
2502,40
2503,42
2504,41
2505,40
2506,42
2507,-1
2508,-1
2509,41
2510,40
2511,-1
2512,-1
2513,-1
2514,-1
2515,-1
2516,-1
2517,-1
2518,-1
2519,-1
2520,-1
2521,-1
2522,-1
2523,-1
2524,-1
2525,-1
2526,-1
2527,-1
2528,-1
2529,-1
2530,-1
2531,-1
2532,-1
2533,-1
2534,-1
2535,-1
2536,-1
2537,-1
2538,-1
2539,43
2540,43
2541,43
2542,43
2543,43
2544,43
2545,43
2546,43
2547,43
2548,43
2549,-1
2550,-1
2551,-1
2552,-1
2553,-1
2554,-1
2555,-1
2556,-1
2557,-1
2558,10
2559,-1
2560,-1
2561,-1
2562,-1
2563,-1
2564,-1
2565,-1
2566,43
2567,-1
2568,-1
2569,-1
2570,-1
2571,-1
2572,-1
2573,-1
2574,-1
2575,-1
2576,43
2577,43
2578,43
2579,43
2580,43
2581,43
2582,43
2583,43
2584,43
2585,43
2586,43
2587,43
2588,43
2589,43
2590,43
2591,43
2592,43
2593,43
2594,43
2595,43
2596,43
2597,43
2598,43
2599,43
2600,43
2601,43
2602,43
2603,43
2604,43
2605,43
2606,43
2607,43
2608,43
2609,43
2610,43
2611,43
2612,43
2613,43
2614,43
2615,43
2616,43
2617,43
2618,43
2619,43
2620,43
2621,43
2622,43
2623,43
2624,43
2625,43
2626,43
2627,43
2628,43
2629,43
2630,43
2631,43
2632,43
2633,43
2634,43
2635,43
2636,43
2637,43
2638,43
2639,43
2640,43
2641,43
2642,-1
2643,-1
2644,-1
2645,-1
2646,-1
2647,-1
2648,-1
2649,-1
2650,-1
2651,10
2652,-1
2653,-1
2654,-1
2655,-1
2656,-1
2657,43
2658,-1
2659,-1
2660,-1
2661,-1
2662,-1
2663,-1
2664,-1
2665,-1
2666,-1
2667,-1
2668,-1
2669,-1
2670,43
2671,43
2672,43
2673,43
2674,43
2675,43
2676,43
2677,43
2678,43
2679,43
2680,43
2681,43
2682,43
2683,43
2684,43
2685,43
2686,43
2687,43
2688,43
2689,43
2690,43
2691,43
2692,43
2693,43
2694,43
2695,43
2696,43
2697,43
2698,43
2699,43
2700,43
2701,43
2702,43
2703,43
2704,43
2705,43
2706,43
2707,43
2708,43
2709,43
2710,43
2711,43
2712,43
2713,43
2714,43
2715,43
2716,43
2717,43
2718,43
2719,43
2720,43
2721,43
2722,43
2723,43
2724,43
2725,43
2726,43
2727,43
2728,43
2729,43
2730,43
2731,43
2732,43
2733,43
2734,-1
2735,-1
2736,-1
2737,-1
2738,-1
2739,-1
2740,-1
2741,-1
2742,-1
2743,-1
2744,-1
2745,-1
2746,-1
2747,-1
2748,-1
2749,-1
2750,-1
2751,-1
2752,-1
2753,-1
2754,-1
2755,-1
2756,-1
2757,-1
2758,-1
2759,-1
2760,-1
2761,52
2762,52
2763,52
2764,52
2765,52
2766,52
2767,52
2768,52
2769,52
2770,52
2771,52
2772,52
2773,52
2774,52
2775,52
2776,52
2777,52
2778,52
2779,52
2780,52
2781,52
2782,52
2783,52
2784,52
2785,52
2786,52
2787,52
2788,52
2789,52
2790,52
2791,52
2792,52
2793,52
2794,52
2795,52
2796,52
2797,52
2798,52
2799,52
2800,52
2801,52
2802,52
2803,52
2804,52
2805,52
2806,52
2807,52
2808,52
2809,52
2810,52
2811,52
2812,52
2813,52
2814,52
2815,52
2816,52
2817,52
2818,52
2819,52
2820,-1
2821,-1
2822,-1
2823,-1
2824,-1
2825,-1
2826,-1
2827,-1
2828,-1
2829,-1
2830,-1
2831,-1
2832,-1
2833,-1
2834,-1
2835,-1
2836,-1
2837,-1
2838,-1
2839,-1
2840,-1
2841,-1
2842,-1
2843,-1
2844,-1
2845,52
2846,52
2847,52
2848,52
2849,52
2850,52
2851,52
2852,52
2853,52
2854,52
2855,52
2856,52
2857,52
2858,52
2859,52
2860,52
2861,52
2862,52
2863,52
2864,52
2865,52
2866,52
2867,52
2868,52
2869,52
2870,52
2871,52
2872,52
2873,52
2874,52
2875,52
2876,52
2877,52
2878,52
2879,52
2880,52
2881,52
2882,52
2883,52
2884,52
2885,52
2886,52
2887,52
2888,52
2889,52
2890,52
2891,52
2892,52
2893,52
2894,52
2895,52
2896,52
2897,52
2898,52
2899,52
2900,52
2901,52
2902,52
2903,52
2904,52
2905,52
2906,52
2907,52
2908,52
2909,52
2910,52
2911,-1
2912,52
2913,-1
2914,-1
2915,-1
2916,-1
2917,-1
2918,-1
2919,-1
2920,-1
2921,-1
2922,-1
2923,-1
2924,-1
2925,-1
2926,-1
2927,-1
2928,-1
2929,-1
2930,-1
2931,-1
2932,-1
2933,-1
2934,-1
2935,-1
2936,-1
2937,-1
2938,-1
2939,53
2940,53
2941,53
2942,53
2943,53
2944,53
2945,53
2946,53
2947,53
2948,53
2949,53
2950,53
2951,53
2952,53
2953,53
2954,53
2955,53
2956,53
2957,53
2958,53
2959,53
2960,53
2961,53
2962,53
2963,53
2964,53
2965,53
2966,53
2967,53
2968,53
2969,53
2970,53
2971,53
2972,53
2973,53
2974,53
2975,53
2976,53
2977,53
2978,53
2979,53
2980,53
2981,53
2982,53
2983,53
2984,53
2985,53
2986,53
2987,53
2988,53
2989,53
2990,53
2991,53
2992,53
2993,53
2994,53
2995,53
2996,53
2997,53
2998,53
2999,53
3000,53
3001,53
3002,-1
3003,53
3004,-1
3005,-1
3006,-1
3007,-1
3008,-1
3009,-1
3010,-1
3011,-1
3012,-1
3013,10
3014,-1
3015,-1
3016,-1
3017,-1
3018,-1
3019,-1
3020,-1
3021,-1
3022,-1
3023,-1
3024,-1
3025,-1
3026,-1
3027,-1
3028,-1
3029,-1
3030,-1
3031,53
3032,53
3033,53
3034,53
3035,53
3036,53
3037,53
3038,53
3039,53
3040,53
3041,53
3042,53
3043,53
3044,53
3045,53
3046,53
3047,53
3048,53
3049,53
3050,53
3051,53
3052,53
3053,53
3054,53
3055,53
3056,53
3057,53
3058,53
3059,53
3060,53
3061,53
3062,53
3063,53
3064,53
3065,53
3066,53
3067,53
3068,53
3069,53
3070,53
3071,53
3072,53
3073,53
3074,-1
3075,-1
3076,45
3077,45
3078,45
3079,45
3080,45
3081,45
3082,45
3083,45
3084,45
3085,45
3086,45
3087,45
3088,45
3089,45
3090,45
3091,45
3092,45
3093,45
3094,45
3095,45
3096,-1
3097,-1
3098,-1
3099,-1
3100,-1
3101,-1
3102,-1
3103,-1
3104,-1
3105,-1
3106,-1
3107,-1
3108,-1
3109,-1
3110,-1
3111,-1
3112,-1
3113,-1
3114,45
3115,45
3116,45
3117,45
3118,45
3119,-1
3120,-1
3121,-1
3122,-1
3123,-1
3124,-1
3125,-1
3126,45
3127,45
3128,45
3129,45
3130,45
3131,45
3132,45
3133,45
3134,45
3135,-1
3136,53
3137,53
3138,53
3139,53
3140,53
3141,53
3142,53
3143,53
3144,53
3145,53
3146,53
3147,53
3148,53
3149,53
3150,53
3151,53
3152,53
3153,53
3154,53
3155,53
3156,53
3157,53
3158,53
3159,53
3160,53
3161,53
3162,53
3163,53
3164,53
3165,53
3166,53
3167,53
3168,53
3169,53
3170,53
3171,53
3172,53
3173,53
3174,53
3175,53
3176,53
3177,53
3178,53
3179,53
3180,53
3181,53
3182,53
3183,53
3184,53
3185,53
3186,53
3187,53
3188,53
3189,53
3190,53
3191,53
3192,-1
3193,-1
3194,-1
3195,-1
3196,-1
3197,-1
3198,-1
3199,-1
3200,-1
3201,10
3202,-1
3203,-1
3204,-1
3205,-1
3206,-1
3207,-1
3208,-1
3209,-1
3210,-1
3211,-1
3212,-1
3213,-1
3214,-1
3215,-1
3216,-1
3217,-1
3218,53
3219,53
3220,53
3221,53
3222,53
3223,53
3224,53
3225,53
3226,53
3227,53
3228,53
3229,53
3230,53
3231,53
3232,53
3233,53
3234,53
3235,53
3236,53
3237,53
3238,53
3239,53
3240,53
3241,53
3242,53
3243,53
3244,53
3245,53
3246,53
3247,53
3248,53
3249,53
3250,53
3251,53
3252,53
3253,53
3254,-1
3255,-1
3256,-1
3257,-1
3258,-1
3259,53
3260,53
3261,53
3262,-1
3263,-1
3264,-1
3265,-1
3266,-1
3267,53
3268,53
3269,53
3270,53
3271,53
3272,53
3273,53
3274,53
3275,53
3276,53
3277,53
3278,53
3279,53
3280,-1
3281,-1
3282,-1
3283,-1
3284,-1
3285,-1
3286,-1
3287,-1
3288,-1
3289,10
3290,-1
3291,-1
3292,-1
3293,-1
3294,-1
3295,-1
3296,-1
3297,-1
3298,-1
3299,-1
3300,-1
3301,-1
3302,-1
3303,-1
3304,-1
3305,-1
3306,53
3307,53
3308,53
3309,53
3310,53
3311,53
3312,53
3313,53
3314,53
3315,53
3316,53
3317,53
3318,53
3319,53
3320,53
3321,53
3322,53
3323,53
3324,53
3325,53
3326,53
3327,53
3328,53
3329,53
3330,53
3331,53
3332,53
3333,53
3334,53
3335,53
3336,53
3337,53
3338,53
3339,53
3340,53
3341,53
3342,53
3343,53
3344,53
3345,53
3346,53
3347,53
3348,53
3349,53
3350,53
3351,53
3352,53
3353,53
3354,53
3355,53
3356,53
3357,53
3358,53
3359,53
3360,53
3361,-1
3362,-1
3363,-1
3364,-1
3365,-1
3366,-1
3367,53
3368,53
3369,53
3370,53
3371,-1
3372,-1
3373,-1
3374,-1
3375,-1
3376,-1
3377,-1
3378,-1
3379,-1
3380,-1
3381,-1
3382,10
3383,-1
3384,-1
3385,-1
3386,-1
3387,-1
3388,53
3389,-1
3390,-1
3391,-1
3392,-1
3393,-1
3394,-1
3395,-1
3396,-1
3397,-1
3398,-1
3399,-1
3400,53
3401,53
3402,53
3403,53
3404,53
3405,53
3406,53
3407,53
3408,53
3409,53
3410,53
3411,53
3412,53
3413,53
3414,53
3415,53
3416,53
3417,53
3418,53
3419,53
3420,53
3421,53
3422,53
3423,53
3424,53
3425,53
3426,53
3427,53
3428,-1
3429,53
3430,53
3431,53
3432,53
3433,-1
3434,-1
3435,-1
3436,-1
3437,-1
3438,-1
3439,-1
3440,53
3441,53
3442,53
3443,-1
3444,53
3445,-1
3446,53
3447,-1
3448,53
3449,53
3450,53
3451,-1
3452,53
3453,53
3454,53
3455,53
3456,53
3457,53
3458,53
3459,53
3460,-1
3461,53
3462,53
3463,-1
3464,53
3465,-1
3466,-1
3467,-1
3468,-1
3469,-1
3470,-1
3471,-1
3472,-1
3473,-1
3474,-1
3475,-1
3476,10
3477,-1
3478,-1
3479,-1
3480,-1
3481,-1
3482,-1
3483,53
3484,-1
3485,53
3486,-1
3487,-1
3488,-1
3489,-1
3490,-1
3491,-1
3492,-1
3493,53
3494,-1
3495,-1
3496,53
3497,53
3498,-1
3499,-1
3500,-1
3501,53
3502,-1
3503,-1
3504,53
3505,-1
3506,-1
3507,53
3508,-1
3509,53
3510,-1
3511,-1
3512,53
3513,-1
3514,53
3515,-1
3516,53
3517,-1
3518,-1
3519,-1
3520,53
3521,-1
3522,-1
3523,-1
3524,-1
3525,-1
3526,-1
3527,-1
3528,-1
3529,-1
3530,-1
3531,-1
3532,-1
3533,-1
3534,-1
3535,-1
3536,-1
3537,-1
3538,-1
3539,-1
3540,-1
3541,-1
3542,-1
3543,-1
3544,-1
3545,-1
3546,-1
3547,-1
3548,-1
3549,-1
3550,-1
3551,-1
3552,-1
3553,-1
3554,-1
3555,-1
3556,-1
3557,-1
3558,-1
3559,-1
3560,-1
3561,10
3562,-1
3563,-1
3564,-1
3565,-1
3566,-1
3567,-1
3568,-1
3569,-1
3570,-1
3571,-1
3572,-1
3573,-1
3574,-1
3575,-1
3576,-1
3577,-1
3578,-1
3579,-1
3580,-1
3581,-1
3582,-1
3583,-1
3584,-1
3585,-1
3586,-1
3587,-1
3588,-1
3589,-1
3590,-1
3591,-1
3592,-1
3593,-1
3594,-1
3595,-1
3596,-1
3597,-1
3598,-1
3599,-1
3600,-1
3601,-1
3602,-1
3603,-1
3604,-1
3605,-1
3606,-1
3607,-1
3608,-1
3609,-1
3610,-1
3611,-1
3612,-1
3613,-1
3614,-1
3615,-1
3616,-1
3617,-1
3618,-1
3619,-1
3620,-1
3621,-1
3622,-1
3623,-1
3624,-1
3625,-1
3626,-1
3627,-1
3628,-1
3629,-1
3630,-1
3631,-1
3632,-1
3633,-1
3634,-1
3635,-1
3636,-1
3637,-1
3638,-1
3639,-1
3640,-1
3641,-1
3642,-1
3643,-1
3644,-1
3645,-1
3646,-1
3647,-1
3648,-1
3649,-1
3650,-1
3651,10
3652,-1
3653,-1
3654,-1
3655,-1
3656,-1
3657,-1
3658,-1
3659,-1
3660,-1
3661,-1
3662,-1
3663,-1
3664,-1
3665,-1
3666,-1
3667,-1
3668,-1
3669,-1
3670,-1
3671,-1
3672,-1
3673,-1
3674,-1
3675,-1
3676,-1
3677,-1
3678,-1
3679,-1
3680,76
3681,-1
3682,-1
3683,-1
3684,-1
3685,-1
3686,-1
3687,-1
3688,-1
3689,-1
3690,-1
3691,-1
3692,-1
3693,-1
3694,-1
3695,-1
3696,-1
3697,-1
3698,-1
3699,-1
3700,69
3701,-1
3702,-1
3703,-1
3704,76
3705,-1
3706,-1
3707,-1
3708,69
3709,-1
3710,-1
3711,-1
3712,-1
3713,-1
3714,-1
3715,-1
3716,69
3717,-1
3718,-1
3719,77
3720,76
3721,-1
3722,70
3723,-1
3724,-1
3725,-1
3726,-1
3727,-1
3728,-1
3729,-1
3730,-1
3731,-1
3732,-1
3733,-1
3734,-1
3735,-1
3736,-1
3737,-1
3738,-1
3739,-1
3740,23
3741,-1
3742,10
3743,-1
3744,-1
3745,-1
3746,-1
3747,-1
3748,-1
3749,-1
3750,-1
3751,-1
3752,-1
3753,-1
3754,-1
3755,-1
3756,-1
3757,-1
3758,-1
3759,-1
3760,-1
3761,-1
3762,-1
3763,-1
3764,-1
3765,-1
3766,-1
3767,77
3768,76
3769,72
3770,70
3771,75
3772,69
3773,76
3774,-1
3775,77
3776,76
3777,72
3778,70
3779,75
3780,69
3781,-1
3782,-1
3783,77
3784,76
3785,72
3786,70
3787,75
3788,69
3789,-1
3790,72
3791,77
3792,76
3793,-1
3794,-1
3795,-1
3796,-1
3797,-1
3798,-1
3799,-1
3800,76
3801,-1
3802,70
3803,-1
3804,69
3805,-1
3806,72
3807,77
3808,76
3809,72
3810,70
3811,75
3812,69
3813,-1
3814,72
3815,77
3816,76
3817,72
3818,70
3819,75
3820,69
3821,-1
3822,-1
3823,-1
3824,-1
3825,-1
3826,-1
3827,-1
3828,24
3829,25
3830,23
3831,20
3832,10
3833,-1
3834,22
3835,-1
3836,-1
3837,-1
3838,72
3839,77
3840,76
3841,-1
3842,-1
3843,-1
3844,-1
3845,-1
3846,-1
3847,77
3848,76
3849,72
3850,70
3851,75
3852,69
3853,76
3854,72
3855,77
3856,76
3857,72
3858,70
3859,75
3860,69
3861,76
3862,72
3863,77
3864,76
3865,72
3866,70
3867,75
3868,69
3869,76
3870,72
3871,77
3872,76
3873,72
3874,70
3875,75
3876,69
3877,76
3878,72
3879,-1
3880,76
3881,-1
3882,70
3883,-1
3884,-1
3885,-1
3886,-1
3887,-1
3888,-1
3889,-1
3890,-1
3891,-1
3892,-1
3893,-1
3894,-1
3895,77
3896,76
3897,-1
3898,-1
3899,-1
3900,-1
3901,-1
3902,-1
3903,77
3904,76
3905,72
3906,70
3907,75
3908,69
3909,76
3910,72
3911,77
3912,76
3913,-1
3914,-1
3915,44
3916,44
3917,44
3918,44
3919,44
3920,24
3921,25
3922,23
3923,20
3924,10
3925,19
3926,22
3927,-1
3928,-1
3929,-1
3930,70
3931,-1
3932,69
3933,76
3934,72
3935,77
3936,76
3937,-1
3938,-1
3939,-1
3940,-1
3941,-1
3942,-1
3943,-1
3944,76
3945,-1
3946,70
3947,75
3948,69
3949,76
3950,-1
3951,77
3952,76
3953,-1
3954,-1
3955,-1
3956,-1
3957,-1
3958,-1
3959,69
3960,-1
3961,-1
3962,-1
3963,-1
3964,76
3965,-1
3966,-1
3967,-1
3968,-1
3969,-1
3970,-1
3971,-1
3972,-1
3973,-1
3974,-1
3975,-1
3976,-1
3977,-1
3978,-1
3979,-1
3980,-1
3981,-1
3982,-1
3983,-1
3984,69
3985,76
3986,-1
3987,-1
3988,76
3989,-1
3990,-1
3991,-1
3992,-1
3993,-1
3994,-1
3995,-1
3996,76
3997,-1
3998,70
3999,75
4000,-1
4001,-1
4002,44
4003,44
4004,44
4005,44
4006,44
4007,24
4008,24
4009,-1
4010,23
4011,20
4012,10
4013,19
4014,22
4015,27
4016,-1
4017,21
4018,72
4019,-1
4020,-1
4021,-1
4022,-1
4023,-1
4024,-1
4025,-1
4026,-1
4027,-1
4028,-1
4029,-1
4030,-1
4031,-1
4032,-1
4033,-1
4034,-1
4035,-1
4036,61
4037,61
4038,-1
4039,61
4040,61
4041,61
4042,61
4043,61
4044,61
4045,61
4046,61
4047,61
4048,-1
4049,-1
4050,-1
4051,-1
4052,-1
4053,-1
4054,-1
4055,-1
4056,-1
4057,7
4058,7
4059,7
4060,-1
4061,-1
4062,-1
4063,-1
4064,-1
4065,-1
4066,-1
4067,-1
4068,-1
4069,-1
4070,-1
4071,61
4072,61
4073,61
4074,61
4075,61
4076,61
4077,61
4078,61
4079,61
4080,61
4081,61
4082,61
4083,61
4084,61
4085,61
4086,61
4087,-1
4088,-1
4089,-1
4090,-1
4091,83
4092,-1
4093,-1
4094,44
4095,44
4096,44
4097,44
4098,44
4099,24
4100,25
4101,23
4102,20
4103,10
4104,19
4105,22
4106,27
4107,26
4108,21
4109,-1
4110,-1
4111,-1
4112,-1
4113,-1
4114,-1
4115,83
4116,83
4117,83
4118,83
4119,83
4120,83
4121,83
4122,83
4123,83
4124,83
4125,83
4126,83
4127,83
4128,83
4129,83
4130,83
4131,83
4132,83
4133,-1
4134,-1
4135,-1
4136,-1
4137,-1
4138,-1
4139,-1
4140,-1
4141,-1
4142,-1
4143,-1
4144,83
4145,-1
4146,83
4147,83
4148,83
4149,83
4150,83
4151,83
4152,83
4153,83
4154,83
4155,83
4156,83
4157,83
4158,83
4159,83
4160,83
4161,83
4162,83
4163,83
4164,83
4165,83
4166,83
4167,83
4168,83
4169,83
4170,83
4171,83
4172,83
4173,83
4174,83
4175,83
4176,83
4177,83
4178,83
4179,83
4180,83
4181,83
4182,83
4183,-1
4184,-1
4185,44
4186,44
4187,44
4188,44
4189,44
4190,24
4191,25
4192,23
4193,20
4194,10
4195,19
4196,22
4197,27
4198,26
4199,21
4200,83
4201,83
4202,83
4203,83
4204,83
4205,83
4206,83
4207,83
4208,83
4209,-1
4210,-1
4211,-1
4212,-1
4213,-1
4214,-1
4215,-1
4216,38
4217,-1
4218,-1
4219,-1
4220,38
4221,32
4222,-1
4223,-1
4224,83
4225,83
4226,83
4227,83
4228,83
4229,83
4230,83
4231,83
4232,83
4233,83
4234,83
4235,83
4236,83
4237,83
4238,83
4239,83
4240,83
4241,83
4242,83
4243,83
4244,83
4245,83
4246,83
4247,83
4248,83
4249,83
4250,83
4251,83
4252,83
4253,83
4254,83
4255,83
4256,83
4257,83
4258,83
4259,83
4260,83
4261,83
4262,83
4263,83
4264,83
4265,83
4266,83
4267,83
4268,83
4269,83
4270,83
4271,83
4272,83
4273,83
4274,-1
4275,-1
4276,44
4277,44
4278,44
4279,44
4280,44
4281,24
4282,25
4283,23
4284,20
4285,10
4286,19
4287,22
4288,27
4289,26
4290,21
4291,-1
4292,38
4293,32
4294,35
4295,-1
4296,83
4297,83
4298,83
4299,83
4300,83
4301,83
4302,83
4303,83
4304,83
4305,83
4306,83
4307,83
4308,83
4309,83
4310,83
4311,83
4312,83
4313,83
4314,83
4315,83
4316,83
4317,83
4318,83
4319,83
4320,83
4321,83
4322,83
4323,83
4324,83
4325,83
4326,83
4327,83
4328,83
4329,83
4330,83
4331,83
4332,83
4333,83
4334,83
4335,83
4336,83
4337,83
4338,83
4339,83
4340,83
4341,83
4342,83
4343,83
4344,83
4345,83
4346,83
4347,83
4348,83
4349,83
4350,83
4351,83
4352,83
4353,83
4354,83
4355,83
4356,83
4357,83
4358,83
4359,83
4360,83
4361,-1
4362,-1
4363,44
4364,44
4365,44
4366,44
4367,44
4368,24
4369,25
4370,23
4371,20
4372,10
4373,19
4374,22
4375,27
4376,26
4377,21
4378,-1
4379,-1
4380,38
4381,32
4382,-1
4383,-1
4384,-1
4385,38
4386,32
4387,-1
4388,-1
4389,83
4390,83
4391,83
4392,83
4393,83
4394,83
4395,83
4396,83
4397,83
4398,83
4399,83
4400,83
4401,83
4402,83
4403,83
4404,83
4405,83
4406,83
4407,83
4408,83
4409,83
4410,83
4411,83
4412,83
4413,83
4414,83
4415,83
4416,83
4417,83
4418,83
4419,83
4420,83
4421,83
4422,83
4423,83
4424,83
4425,83
4426,83
4427,83
4428,83
4429,83
4430,83
4431,83
4432,83
4433,83
4434,83
4435,83
4436,83
4437,83
4438,83
4439,83
4440,83
4441,83
4442,83
4443,83
4444,83
4445,83
4446,83
4447,83
4448,83
4449,83
4450,83
4451,83
4452,83
4453,83
4454,83
4455,-1
4456,-1
4457,44
4458,44
4459,44
4460,44
4461,44
4462,24
4463,25
4464,23
4465,20
4466,10
4467,19
4468,22
4469,27
4470,26
4471,21
4472,-1
4473,38
4474,32
4475,-1
4476,-1
4477,-1
4478,38
4479,32
4480,-1
4481,-1
4482,83
4483,83
4484,83
4485,83
4486,83
4487,83
4488,83
4489,83
4490,83
4491,83
4492,83
4493,83
4494,83
4495,83
4496,83
4497,83
4498,83
4499,83
4500,83
4501,83
4502,83
4503,83
4504,83
4505,83
4506,83
4507,83
4508,83
4509,83
4510,83
4511,83
4512,83
4513,83
4514,83
4515,83
4516,83
4517,83
4518,83
4519,83
4520,83
4521,83
4522,83
4523,83
4524,83
4525,83
4526,83
4527,83
4528,83
4529,83
4530,83
4531,83
4532,83
4533,83
4534,83
4535,83
4536,83
4537,83
4538,83
4539,83
4540,83
4541,83
4542,83
4543,83
4544,83
4545,83
4546,83
4547,83
4548,83
4549,-1
4550,-1
4551,44
4552,44
4553,44
4554,44
4555,44
4556,24
4557,25
4558,23
4559,20
4560,10
4561,19
4562,22
4563,27
4564,26
4565,21
4566,-1
4567,-1
4568,38
4569,-1
4570,-1
4571,-1
4572,38
4573,32
4574,-1
4575,-1
4576,83
4577,83
4578,83
4579,83
4580,83
4581,83
4582,83
4583,83
4584,83
4585,83
4586,83
4587,83
4588,83
4589,83
4590,83
4591,83
4592,83
4593,83
4594,83
4595,83
4596,83
4597,83
4598,83
4599,83
4600,83
4601,83
4602,83
4603,83
4604,83
4605,-1
4606,-1
4607,-1
4608,-1
4609,-1
4610,-1
4611,83
4612,83
4613,83
4614,83
4615,83
4616,83
4617,83
4618,83
4619,83
4620,83
4621,83
4622,83
4623,-1
4624,83
4625,83
4626,83
4627,83
4628,83
4629,83
4630,83
4631,83
4632,83
4633,83
4634,83
4635,83
4636,-1
4637,83
4638,83
4639,83
4640,83
4641,83
4642,83
4643,-1
4644,-1
4645,44
4646,44
4647,44
4648,44
4649,44
4650,24
4651,25
4652,23
4653,20
4654,10
4655,19
4656,22
4657,-1
4658,-1
4659,-1
4660,38
4661,32
4662,-1
4663,-1
4664,-1
4665,38
4666,-1
4667,-1
4668,-1
4669,-1
4670,-1
4671,-1
4672,-1
4673,-1
4674,-1
4675,-1
4676,-1
4677,83
4678,-1
4679,-1
4680,-1
4681,83
4682,83
4683,-1
4684,-1
4685,83
4686,-1
4687,83
4688,83
4689,83
4690,83
4691,-1
4692,-1
4693,83
4694,-1
4695,-1
4696,-1
4697,-1
4698,-1
4699,-1
4700,-1
4701,-1
4702,-1
4703,-1
4704,-1
4705,-1
4706,-1
4707,-1
4708,-1
4709,-1
4710,-1
4711,-1
4712,-1
4713,-1
4714,-1
4715,-1
4716,-1
4717,-1
4718,-1
4719,-1
4720,-1
4721,-1
4722,-1
4723,80
4724,-1
4725,-1
4726,-1
4727,-1
4728,-1
4729,-1
4730,82
4731,-1
4732,-1
4733,-1
4734,-1
4735,44
4736,44
4737,44
4738,44
4739,44
4740,24
4741,25
4742,23
4743,20
4744,10
4745,19
4746,22
4747,-1
4748,-1
4749,21
4750,-1
4751,-1
4752,-1
4753,-1
4754,-1
4755,38
4756,32
4757,-1
4758,-1
4759,-1
4760,-1
4761,82
4762,-1
4763,-1
4764,78
4765,-1
4766,-1
4767,80
4768,-1
4769,82
4770,-1
4771,-1
4772,-1
4773,-1
4774,-1
4775,80
4776,81
4777,-1
4778,-1
4779,-1
4780,-1
4781,-1
4782,-1
4783,-1
4784,-1
4785,-1
4786,-1
4787,-1
4788,-1
4789,-1
4790,-1
4791,-1
4792,-1
4793,82
4794,-1
4795,-1
4796,78
4797,-1
4798,82
4799,80
4800,81
4801,-1
4802,-1
4803,-1
4804,78
4805,81
4806,82
4807,-1
4808,81
4809,82
4810,-1
4811,-1
4812,-1
4813,-1
4814,-1
4815,80
4816,81
4817,82
4818,-1
4819,-1
4820,-1
4821,81
4822,82
4823,80
4824,81
4825,82
4826,-1
4827,-1
4828,-1
4829,-1
4830,-1
4831,-1
4832,-1
4833,44
4834,24
4835,25
4836,23
4837,20
4838,10
4839,19
4840,22
4841,27
4842,-1
4843,21
4844,-1
4845,-1
4846,-1
4847,-1
4848,-1
4849,-1
4850,-1
4851,-1
4852,-1
4853,81
4854,82
4855,80
4856,81
4857,82
4858,-1
4859,-1
4860,78
4861,81
4862,82
4863,80
4864,81
4865,82
4866,-1
4867,-1
4868,78
4869,81
4870,-1
4871,80
4872,81
4873,82
4874,-1
4875,-1
4876,-1
4877,-1
4878,-1
4879,-1
4880,-1
4881,82
4882,-1
4883,-1
4884,78
4885,81
4886,82
4887,80
4888,81
4889,82
4890,-1
4891,-1
4892,78
4893,81
4894,82
4895,80
4896,81
4897,82
4898,-1
4899,-1
4900,78
4901,81
4902,-1
4903,80
4904,81
4905,82
4906,-1
4907,-1
4908,78
4909,81
4910,82
4911,80
4912,81
4913,82
4914,-1
4915,-1
4916,78
4917,81
4918,82
4919,80
4920,81
4921,82
4922,-1
4923,-1
4924,44
4925,44
4926,44
4927,44
4928,44
4929,24
4930,25
4931,23
4932,20
4933,10
4934,19
4935,22
4936,-1
4937,-1
4938,21
4939,-1
4940,-1
4941,-1
4942,-1
4943,-1
4944,-1
4945,-1
4946,-1
4947,-1
4948,78
4949,81
4950,82
4951,80
4952,81
4953,82
4954,-1
4955,-1
4956,78
4957,81
4958,82
4959,80
4960,81
4961,82
4962,-1
4963,-1
4964,78
4965,81
4966,82
4967,-1
4968,81
4969,82
4970,-1
4971,-1
4972,-1
4973,81
4974,82
4975,-1
4976,-1
4977,-1
4978,-1
4979,-1
4980,-1
4981,-1
4982,-1
4983,-1
4984,-1
4985,82
4986,-1
4987,-1
4988,-1
4989,81
4990,82
4991,-1
4992,-1
4993,-1
4994,-1
4995,-1
4996,-1
4997,81
4998,82
4999,-1
5000,81
5001,-1
5002,-1
5003,-1
5004,-1
5005,-1
5006,-1
5007,-1
5008,-1
5009,-1
5010,-1
5011,-1
5012,-1
5013,-1
5014,-1
5015,-1
5016,-1
5017,-1
5018,44
5019,44
5020,44
5021,44
5022,-1
5023,25
5024,23
5025,20
5026,10
5027,19
5028,22
5029,-1
5030,-1
5031,-1
5032,-1
5033,-1
5034,-1
5035,-1
5036,-1
5037,-1
5038,-1
5039,-1
5040,-1
5041,-1
5042,-1
5043,-1
5044,-1
5045,-1
5046,-1
5047,-1
5048,-1
5049,-1
5050,-1
5051,-1
5052,-1
5053,-1
5054,-1
5055,-1
5056,-1
5057,-1
5058,-1
5059,-1
5060,-1
5061,-1
5062,-1
5063,-1
5064,-1
5065,-1
5066,-1
5067,-1
5068,-1
5069,-1
5070,-1
5071,-1
5072,-1
5073,-1
5074,-1
5075,-1
5076,-1
5077,-1
5078,-1
5079,-1
5080,-1
5081,-1
5082,-1
5083,-1
5084,-1
5085,-1
5086,-1
5087,-1
5088,-1
5089,-1
5090,-1
5091,-1
5092,-1
5093,-1
5094,-1
5095,-1
5096,-1
5097,-1
5098,-1
5099,-1
5100,-1
5101,-1
5102,-1
5103,-1
5104,44
5105,44
5106,-1
5107,-1
5108,-1
5109,23
5110,20
5111,10
5112,19
5113,22
5114,-1
5115,-1
5116,-1
5117,-1
5118,-1
5119,-1
5120,-1
5121,-1
5122,-1
5123,-1
5124,-1
5125,-1
5126,-1
5127,-1
5128,-1
5129,71
5130,71
5131,71
5132,71
5133,71
5134,71
5135,71
5136,71
5137,71
5138,71
5139,71
5140,71
5141,71
5142,71
5143,71
5144,71
5145,71
5146,71
5147,71
5148,71
5149,71
5150,71
5151,71
5152,71
5153,71
5154,71
5155,71
5156,71
5157,71
5158,71
5159,71
5160,71
5161,71
5162,71
5163,71
5164,71
5165,71
5166,71
5167,71
5168,71
5169,71
5170,71
5171,71
5172,71
5173,71
5174,71
5175,71
5176,71
5177,71
5178,71
5179,71
5180,71
5181,71
5182,71
5183,71
5184,71
5185,71
5186,71
5187,71
5188,71
5189,71
5190,71
5191,71
5192,71
5193,71
5194,-1
5195,-1
5196,-1
5197,-1
5198,-1
5199,-1
5200,-1
5201,-1
5202,-1
5203,-1
5204,-1
5205,10
5206,-1
5207,-1
5208,-1
5209,-1
5210,-1
5211,-1
5212,-1
5213,-1
5214,-1
5215,-1
5216,-1
5217,-1
5218,-1
5219,-1
5220,-1
5221,74
5222,74
5223,74
5224,74
5225,74
5226,74
5227,74
5228,74
5229,74
5230,74
5231,74
5232,74
5233,74
5234,74
5235,74
5236,74
5237,74
5238,74
5239,74
5240,74
5241,74
5242,74
5243,74
5244,74
5245,74
5246,74
5247,74
5248,74
5249,74
5250,74
5251,74
5252,74
5253,74
5254,74
5255,74
5256,74
5257,74
5258,74
5259,74
5260,74
5261,74
5262,74
5263,74
5264,74
5265,74
5266,74
5267,74
5268,-1
5269,74
5270,74
5271,74
5272,74
5273,74
5274,74
5275,74
5276,74
5277,74
5278,74
5279,74
5280,-1
5281,-1
5282,-1
5283,74
5284,-1
5285,74
5286,74
5287,74
5288,-1
5289,-1
5290,-1
5291,-1
5292,-1
5293,-1
5294,-1
5295,-1
5296,-1
5297,-1
5298,-1
5299,10
5300,-1
5301,-1
5302,-1
5303,-1
5304,-1
5305,-1
5306,-1
5307,-1
5308,-1
5309,-1
5310,-1
5311,-1
5312,-1
5313,-1
5314,-1
5315,73
5316,73
5317,73
5318,73
5319,73
5320,73
5321,73
5322,73
5323,73
5324,73
5325,73
5326,73
5327,73
5328,73
5329,73
5330,73
5331,73
5332,73
5333,73
5334,73
5335,73
5336,73
5337,73
5338,73
5339,73
5340,73
5341,73
5342,73
5343,73
5344,73
5345,73
5346,73
5347,73
5348,73
5349,73
5350,73
5351,73
5352,73
5353,73
5354,73
5355,73
5356,73
5357,73
5358,73
5359,73
5360,73
5361,73
5362,73
5363,-1
5364,73
5365,73
5366,73
5367,73
5368,73
5369,73
5370,73
5371,73
5372,-1
5373,73
5374,73
5375,73
5376,73
5377,73
5378,73
5379,73
5380,73
5381,73
5382,73
5383,-1
5384,-1
5385,-1
5386,-1
5387,-1
5388,-1
5389,-1
5390,-1
5391,-1
5392,-1
5393,-1
5394,10
5395,-1
5396,-1
5397,-1
5398,-1
5399,-1
5400,-1
5401,-1
5402,-1
5403,-1
5404,-1
5405,-1
5406,-1
5407,73
5408,73
5409,73
5410,73
5411,73
5412,73
5413,73
5414,73
5415,73
5416,73
5417,73
5418,73
5419,73
5420,73
5421,73
5422,73
5423,73
5424,73
5425,73
5426,73
5427,73
5428,73
5429,73
5430,73
5431,73
5432,73
5433,73
5434,73
5435,73
5436,73
5437,73
5438,73
5439,73
5440,73
5441,73
5442,73
5443,73
5444,73
5445,73
5446,73
5447,73
5448,73
5449,73
5450,73
5451,-1
5452,-1
5453,73
5454,73
5455,73
5456,73
5457,73
5458,73
5459,73
5460,73
5461,-1
5462,-1
5463,73
5464,-1
5465,-1
5466,-1
5467,-1
5468,-1
5469,-1
5470,73
5471,73
5472,-1
5473,-1
5474,-1
5475,-1
5476,-1
5477,-1
5478,-1
5479,-1
5480,-1
5481,-1
5482,-1
5483,10
5484,-1
5485,-1
5486,-1
5487,-1
5488,-1
5489,-1
5490,-1
5491,-1
5492,-1
5493,-1
5494,-1
5495,-1
5496,-1
5497,-1
5498,-1
5499,73
5500,-1
5501,73
5502,73
5503,73
5504,73
5505,73
5506,73
5507,-1
5508,-1
5509,73
5510,73
5511,73
5512,73
5513,73
5514,-1
5515,-1
5516,-1
5517,73
5518,73
5519,-1
5520,73
5521,73
5522,-1
5523,-1
5524,-1
5525,73
5526,73
5527,-1
5528,73
5529,73
5530,-1
5531,-1
5532,-1
5533,73
5534,-1
5535,-1
5536,73
5537,73
5538,-1
5539,-1
5540,-1
5541,73
5542,73
5543,-1
5544,73
5545,-1
5546,-1
5547,-1
5548,-1
5549,73
5550,-1
5551,-1
5552,73
5553,73
5554,-1
5555,-1
5556,-1
5557,-1
5558,-1
5559,-1
5560,-1
5561,-1
5562,-1
5563,-1
5564,-1
5565,-1
5566,-1
5567,-1
5568,-1
5569,-1
5570,-1
5571,-1
5572,-1
5573,-1
5574,-1
5575,-1
5576,-1
5577,-1
5578,-1
5579,-1
5580,-1
5581,-1
5582,-1
5583,-1
5584,-1
5585,-1
5586,-1
5587,-1
5588,-1
5589,-1
5590,-1
5591,-1
5592,-1
5593,-1
5594,-1
5595,-1
5596,-1
5597,-1
5598,-1
5599,-1
5600,-1
5601,-1
5602,-1
5603,-1
5604,-1
5605,-1
5606,-1
5607,-1
5608,-1
5609,-1
5610,30
5611,30
5612,30
5613,30
5614,30
5615,30
5616,30
5617,30
5618,30
5619,30
5620,30
5621,30
5622,30
5623,30
5624,30
5625,30
5626,30
5627,30
5628,30
5629,30
5630,30
5631,30
5632,-1
5633,-1
5634,-1
5635,-1
5636,-1
5637,-1
5638,-1
5639,-1
5640,-1
5641,-1
5642,-1
5643,-1
5644,-1
5645,-1
5646,-1
5647,-1
5648,-1
5649,-1
5650,-1
5651,-1
5652,-1
5653,-1
5654,-1
5655,-1
5656,-1
5657,-1
5658,-1
5659,-1
5660,-1
5661,-1
5662,-1
5663,-1
5664,-1
5665,-1
5666,-1
5667,-1
5668,-1
5669,23
5670,20
5671,10
5672,-1
5673,-1
5674,-1
5675,-1
5676,-1
5677,-1
5678,-1
5679,-1
5680,-1
5681,-1
5682,-1
5683,-1
5684,-1
5685,-1
5686,-1
5687,-1
5688,-1
5689,-1
5690,-1
5691,-1
5692,-1
5693,-1
5694,-1
5695,-1
5696,-1
5697,-1
5698,-1
5699,-1
5700,-1
5701,-1
5702,-1
5703,-1
5704,-1
5705,-1
5706,-1
5707,-1
5708,-1
5709,-1
5710,-1
5711,-1
5712,-1
5713,-1
5714,-1
5715,-1
5716,-1
5717,-1
5718,-1
5719,-1
5720,-1
5721,-1
5722,-1
5723,-1
5724,-1
5725,-1
5726,-1
5727,-1
5728,-1
5729,-1
5730,-1
5731,-1
5732,-1
5733,-1
5734,-1
5735,-1
5736,-1
5737,-1
5738,-1
5739,-1
5740,-1
5741,-1
5742,-1
5743,-1
5744,-1
5745,-1
5746,-1
5747,-1
5748,-1
5749,-1
5750,-1
5751,-1
5752,-1
5753,-1
5754,-1
5755,-1
5756,-1
5757,-1
5758,-1
5759,-1
5760,-1
5761,-1
5762,-1
5763,-1
5764,-1
5765,10
5766,-1
5767,22
5768,-1
5769,-1
5770,-1
5771,-1
5772,-1
5773,-1
5774,-1
5775,-1
5776,-1
5777,-1
5778,-1
5779,-1
5780,-1
5781,-1
5782,-1
5783,-1
5784,36
5785,36
5786,36
5787,36
5788,36
5789,36
5790,36
5791,36
5792,36
5793,-1
5794,36
5795,36
5796,36
5797,36
5798,36
5799,36
5800,36
5801,36
5802,36
5803,36
5804,-1
5805,-1
5806,-1
5807,-1
5808,-1
5809,-1
5810,-1
5811,-1
5812,-1
5813,-1
5814,-1
5815,-1
5816,-1
5817,-1
5818,-1
5819,-1
5820,-1
5821,-1
5822,36
5823,36
5824,36
5825,36
5826,36
5827,36
5828,36
5829,36
5830,-1
5831,36
5832,-1
5833,36
5834,-1
5835,-1
5836,-1
5837,-1
5838,-1
5839,-1
5840,-1
5841,-1
5842,-1
5843,-1
5844,10
5845,-1
5846,-1
5847,-1
5848,-1
5849,-1
5850,-1
5851,-1
5852,-1
5853,-1
5854,-1
5855,-1
5856,-1
5857,-1
5858,-1
5859,-1
5860,-1
5861,-1
5862,-1
5863,-1
5864,-1
5865,-1
5866,-1
5867,-1
5868,-1
5869,-1
5870,-1
5871,-1
5872,-1
5873,-1
5874,-1
5875,-1
5876,-1
5877,-1
5878,-1
5879,-1
5880,-1
5881,-1
5882,-1
5883,-1
5884,-1
5885,-1
5886,-1
5887,-1
5888,-1
5889,-1
5890,-1
5891,-1
5892,-1
5893,-1
5894,-1
5895,-1
5896,-1
5897,-1
5898,-1
5899,-1
5900,-1
5901,-1
5902,-1
5903,-1
5904,-1
5905,-1
5906,-1
5907,-1
5908,-1
5909,-1
5910,-1
5911,-1
5912,-1
5913,-1
5914,-1
5915,-1
5916,-1
5917,-1
5918,-1
5919,-1
5920,-1
5921,-1
5922,-1
5923,-1
5924,-1
5925,-1
5926,-1
5927,-1
5928,-1
5929,-1
5930,-1
5931,-1
5932,23
5933,20
5934,10
5935,19
5936,22
5937,-1
5938,-1
5939,-1
5940,-1
5941,-1
5942,-1
5943,-1
5944,-1
5945,-1
5946,-1
5947,-1
5948,-1
5949,-1
5950,-1
5951,-1
5952,-1
5953,-1
5954,-1
5955,-1
5956,-1
5957,-1
5958,-1
5959,-1
5960,-1
5961,-1
5962,-1
5963,-1
5964,-1
5965,-1
5966,-1
5967,-1
5968,-1
5969,-1
5970,-1
5971,-1
5972,-1
5973,-1
5974,-1
5975,-1
5976,-1
5977,-1
5978,-1
5979,-1
5980,-1
5981,-1
5982,-1
5983,-1
5984,-1
5985,-1
5986,-1
5987,-1
5988,-1
5989,-1
5990,-1
5991,-1
5992,-1
5993,-1
5994,-1
5995,-1
5996,-1
5997,-1
5998,-1
5999,-1
6000,-1
6001,-1
6002,-1
6003,-1
6004,-1
6005,-1
6006,-1
6007,-1
6008,-1
6009,-1
6010,-1
6011,-1
6012,-1
6013,-1
6014,-1
6015,-1
6016,-1
6017,-1
6018,-1
6019,-1
6020,-1
6021,-1
6022,25
6023,23
6024,20
6025,10
6026,19
6027,22
6028,27
6029,-1
6030,-1
6031,-1
6032,-1
6033,-1
6034,-1
6035,-1
6036,-1
6037,-1
6038,-1
6039,-1
6040,-1
6041,-1
6042,-1
6043,-1
6044,-1
6045,-1
6046,-1
6047,-1
6048,-1
6049,-1
6050,-1
6051,-1
6052,-1
6053,-1
6054,-1
6055,-1
6056,-1
6057,-1
6058,-1
6059,-1
6060,-1
6061,-1
6062,-1
6063,-1
6064,-1
6065,-1
6066,-1
6067,-1
6068,-1
6069,-1
6070,-1
6071,-1
6072,-1
6073,-1
6074,-1
6075,-1
6076,-1
6077,-1
6078,-1
6079,-1
6080,-1
6081,-1
6082,-1
6083,-1
6084,-1
6085,-1
6086,-1
6087,-1
6088,-1
6089,-1
6090,-1
6091,31
6092,31
6093,31
6094,31
6095,31
6096,31
6097,31
6098,31
6099,31
6100,31
6101,31
6102,31
6103,31
6104,31
6105,31
6106,31
6107,31
6108,-1
6109,-1
6110,-1
6111,-1
6112,-1
6113,-1
6114,-1
6115,-1
6116,-1
6117,-1
6118,-1
6119,-1
6120,-1
6121,-1
6122,-1
6123,-1
6124,-1
6125,-1
6126,-1
6127,31
6128,-1
6129,-1
6130,-1
6131,-1
6132,-1
6133,-1
6134,-1
6135,-1
6136,31
6137,31
6138,31
6139,31
6140,31
6141,31
6142,31
6143,31
6144,31
6145,31
6146,31
6147,31
6148,31
6149,-1
6150,-1
6151,-1
6152,-1
6153,-1
6154,-1
6155,-1
6156,-1
6157,-1
6158,-1
6159,-1
6160,-1
6161,-1
6162,-1
6163,-1
6164,-1
6165,-1
6166,-1
6167,-1
6168,-1
6169,-1
6170,-1
6171,-1
6172,-1
6173,-1
6174,-1
6175,-1
6176,-1
6177,-1
6178,-1
6179,-1
6180,-1
6181,-1
6182,-1
6183,-1
6184,-1
6185,-1
6186,-1
6187,-1
6188,-1
6189,-1
6190,-1
6191,-1
6192,-1
6193,-1
6194,-1
6195,-1
6196,-1
6197,-1
6198,-1
6199,91
6200,-1
6201,-1
6202,44
6203,44
6204,44
6205,44
6206,44
6207,24
6208,25
6209,23
6210,20
6211,10
6212,19
6213,22
6214,27
6215,26
6216,21
6217,-1
6218,-1
6219,-1
6220,-1
6221,-1
6222,38
6223,32
6224,-1
6225,-1
6226,-1
6227,-1
6228,91
6229,-1
6230,-1
6231,91
6232,-1
6233,-1
6234,85
6235,-1
6236,87
6237,-1
6238,88
6239,91
6240,-1
6241,-1
6242,85
6243,-1
6244,87
6245,-1
6246,88
6247,91
6248,93
6249,-1
6250,85
6251,90
6252,87
6253,-1
6254,88
6255,91
6256,93
6257,-1
6258,85
6259,90
6260,87
6261,-1
6262,88
6263,91
6264,93
6265,89
6266,85
6267,90
6268,87
6269,-1
6270,88
6271,91
6272,-1
6273,89
6274,-1
6275,90
6276,87
6277,-1
6278,88
6279,91
6280,93
6281,89
6282,85
6283,90
6284,-1
6285,-1
6286,88
6287,91
6288,93
6289,89
6290,85
6291,90
6292,-1
6293,-1
6294,44
6295,44
6296,44
6297,44
6298,44
6299,24
6300,25
6301,23
6302,20
6303,10
6304,19
6305,22
6306,27
6307,-1
6308,21
6309,38
6310,32
6311,-1
6312,-1
6313,-1
6314,38
6315,32
6316,-1
6317,-1
6318,88
6319,91
6320,93
6321,89
6322,85
6323,90
6324,87
6325,-1
6326,88
6327,91
6328,93
6329,89
6330,85
6331,90
6332,87
6333,-1
6334,88
6335,91
6336,93
6337,89
6338,85
6339,90
6340,87
6341,-1
6342,88
6343,91
6344,93
6345,89
6346,85
6347,90
6348,-1
6349,-1
6350,88
6351,91
6352,-1
6353,-1
6354,-1
6355,-1
6356,-1
6357,-1
6358,-1
6359,-1
6360,-1
6361,-1
6362,85
6363,-1
6364,-1
6365,-1
6366,88
6367,-1
6368,-1
6369,-1
6370,-1
6371,-1
6372,-1
6373,-1
6374,-1
6375,-1
6376,-1
6377,89
6378,85
6379,90
6380,-1
6381,-1
6382,88
6383,91
6384,93
6385,-1
6386,-1
6387,44
6388,44
6389,44
6390,44
6391,44
6392,24
6393,25
6394,23
6395,20
6396,10
6397,19
6398,22
6399,27
6400,26
6401,21
6402,-1
6403,-1
6404,38
6405,32
6406,-1
6407,-1
6408,-1
6409,38
6410,32
6411,-1
6412,-1
6413,-1
6414,88
6415,91
6416,93
6417,89
6418,85
6419,90
6420,87
6421,-1
6422,88
6423,91
6424,-1
6425,-1
6426,85
6427,90
6428,-1
6429,-1
6430,88
6431,-1
6432,-1
6433,-1
6434,85
6435,-1
6436,-1
6437,-1
6438,88
6439,-1
6440,-1
6441,-1
6442,85
6443,-1
6444,87
6445,92
6446,-1
6447,91
6448,-1
6449,89
6450,-1
6451,-1
6452,-1
6453,92
6454,88
6455,91
6456,92
6457,-1
6458,-1
6459,-1
6460,-1
6461,92
6462,88
6463,91
6464,-1
6465,-1
6466,85
6467,-1
6468,-1
6469,92
6470,-1
6471,-1
6472,-1
6473,-1
6474,85
6475,90
6476,-1
6477,92
6478,-1
6479,-1
6480,44
6481,44
6482,44
6483,44
6484,44
6485,24
6486,25
6487,23
6488,20
6489,10
6490,19
6491,22
6492,27
6493,26
6494,21
6495,-1
6496,-1
6497,38
6498,32
6499,-1
6500,-1
6501,38
6502,32
6503,35
6504,-1
6505,-1
6506,-1
6507,-1
6508,-1
6509,-1
6510,-1
6511,-1
6512,92
6513,88
6514,-1
6515,-1
6516,-1
6517,92
6518,88
6519,91
6520,92
6521,-1
6522,-1
6523,-1
6524,-1
6525,-1
6526,-1
6527,-1
6528,-1
6529,-1
6530,-1
6531,-1
6532,-1
6533,-1
6534,-1
6535,-1
6536,-1
6537,-1
6538,-1
6539,-1
6540,92
6541,-1
6542,-1
6543,-1
6544,-1
6545,92
6546,-1
6547,85
6548,-1
6549,92
6550,92
6551,-1
6552,-1
6553,-1
6554,-1
6555,-1
6556,-1
6557,-1
6558,-1
6559,-1
6560,92
6561,-1
6562,-1
6563,-1
6564,-1
6565,44
6566,44
6567,44
6568,44
6569,44
6570,24
6571,25
6572,23
6573,20
6574,10
6575,19
6576,22
6577,27
6578,26
6579,21
6580,-1
6581,-1
6582,38
6583,32
6584,-1
6585,-1
6586,38
6587,32
6588,35
6589,-1
6590,-1
6591,92
6592,92
6593,92
6594,92
6595,92
6596,92
6597,92
6598,92
6599,92
6600,92
6601,92
6602,92
6603,92
6604,92
6605,92
6606,92
6607,92
6608,92
6609,92
6610,92
6611,92
6612,92
6613,92
6614,92
6615,92
6616,92
6617,92
6618,92
6619,92
6620,92
6621,92
6622,92
6623,92
6624,92
6625,92
6626,92
6627,92
6628,92
6629,92
6630,92
6631,92
6632,92
6633,92
6634,92
6635,92
6636,92
6637,92
6638,92
6639,92
6640,92
6641,92
6642,92
6643,92
6644,92
6645,92
6646,92
6647,92
6648,92
6649,92
6650,92
6651,92
6652,-1
6653,-1
6654,44
6655,44
6656,44
6657,44
6658,44
6659,24
6660,25
6661,23
6662,20
6663,10
6664,19
6665,22
6666,27
6667,26
6668,21
6669,60
6670,38
6671,-1
6672,-1
6673,-1
6674,38
6675,32
6676,35
6677,49
6678,92
6679,92
6680,92
6681,92
6682,92
6683,92
6684,92
6685,92
6686,92
6687,92
6688,92
6689,92
6690,92
6691,92
6692,92
6693,92
6694,92
6695,92
6696,92
6697,92
6698,92
6699,92
6700,92
6701,92
6702,92
6703,92
6704,92
6705,92
6706,92
6707,92
6708,92
6709,92
6710,92
6711,92
6712,92
6713,92
6714,92
6715,92
6716,92
6717,92
6718,92
6719,92
6720,92
6721,92
6722,92
6723,92
6724,92
6725,92
6726,92
6727,92
6728,92
6729,92
6730,92
6731,92
6732,92
6733,92
6734,92
6735,92
6736,92
6737,92
6738,92
6739,92
6740,92
6741,92
6742,92
6743,-1
6744,-1
6745,44
6746,44
6747,44
6748,44
6749,44
6750,24
6751,25
6752,23
6753,20
6754,10
6755,19
6756,22
6757,27
6758,26
6759,21
6760,60
6761,38
6762,32
6763,-1
6764,-1
6765,60
6766,38
6767,32
6768,35
6769,49
6770,92
6771,92
6772,92
6773,92
6774,92
6775,92
6776,92
6777,92
6778,92
6779,92
6780,92
6781,92
6782,92
6783,92
6784,92
6785,92
6786,92
6787,92
6788,92
6789,92
6790,92
6791,92
6792,92
6793,92
6794,92
6795,92
6796,92
6797,92
6798,92
6799,92
6800,92
6801,92
6802,92
6803,92
6804,92
6805,92
6806,92
6807,92
6808,92
6809,92
6810,92
6811,92
6812,92
6813,92
6814,92
6815,-1
6816,92
6817,92
6818,92
6819,92
6820,92
6821,92
6822,92
6823,92
6824,92
6825,92
6826,92
6827,-1
6828,-1
6829,92
6830,92
6831,92
6832,92
6833,92
6834,92
6835,-1
6836,-1
6837,44
6838,44
6839,44
6840,44
6841,44
6842,24
6843,25
6844,23
6845,20
6846,10
6847,19
6848,22
6849,27
6850,26
6851,21
6852,38
6853,32
6854,-1
6855,-1
6856,-1
6857,-1
6858,-1
6859,-1
6860,-1
6861,-1
6862,-1
6863,92
6864,92
6865,92
6866,92
6867,-1
6868,92
6869,92
6870,92
6871,92
6872,92
6873,92
6874,92
6875,-1
6876,92
6877,92
6878,92
6879,92
6880,92
6881,92
6882,92
6883,-1
6884,92
6885,92
6886,92
6887,92
6888,92
6889,92
6890,92
6891,-1
6892,92
6893,92
6894,92
6895,92
6896,92
6897,92
6898,92
6899,-1
6900,-1
6901,92
6902,92
6903,92
6904,92
6905,-1
6906,-1
6907,-1
6908,-1
6909,-1
6910,-1
6911,92
6912,-1
6913,92
6914,92
6915,92
6916,92
6917,92
6918,-1
6919,92
6920,92
6921,-1
6922,-1
6923,-1
6924,-1
6925,-1
6926,-1
6927,-1
6928,44
6929,44
6930,44
6931,44
6932,44
6933,24
6934,25
6935,23
6936,20
6937,10
6938,19
6939,22
6940,27
6941,26
6942,21
6943,-1
6944,-1
6945,-1
6946,-1
6947,38
6948,32
6949,-1
6950,-1
6951,-1
6952,38
6953,32
6954,35
6955,-1
6956,-1
6957,-1
6958,-1
6959,92
6960,92
6961,-1
6962,-1
6963,-1
6964,-1
6965,-1
6966,-1
6967,92
6968,-1
6969,-1
6970,-1
6971,-1
6972,-1
6973,-1
6974,-1
6975,-1
6976,-1
6977,-1
6978,-1
6979,-1
6980,-1
6981,92
6982,-1
6983,-1
6984,92
6985,-1
6986,-1
6987,-1
6988,-1
6989,-1
6990,-1
6991,-1
6992,-1
6993,-1
6994,-1
6995,-1
6996,-1
6997,-1
6998,-1
6999,-1
7000,-1
7001,-1
7002,-1
7003,-1
7004,-1
7005,-1
7006,-1
7007,68
7008,68
7009,68
7010,68
7011,68
7012,68
7013,68
7014,68
7015,68
7016,68
7017,-1
7018,-1
7019,-1
7020,-1
7021,-1
7022,-1
7023,-1
7024,-1
7025,-1
7026,-1
7027,-1
7028,10
7029,-1
7030,-1
7031,-1
7032,-1
7033,7
7034,7
7035,-1
7036,-1
7037,-1
7038,-1
7039,17
7040,-1
7041,-1
7042,-1
7043,-1
7044,68
7045,68
7046,-1
7047,-1
7048,-1
7049,-1
7050,-1
7051,67
7052,67
7053,67
7054,67
7055,67
7056,67
7057,67
7058,67
7059,67
7060,67
7061,67
7062,67
7063,67
7064,-1
7065,-1
7066,68
7067,-1
7068,-1
7069,-1
7070,-1
7071,-1
7072,-1
7073,-1
7074,-1
7075,-1
7076,-1
7077,7
7078,7
7079,7
7080,-1
7081,17
7082,17
7083,17
7084,17
7085,17
7086,68
7087,68
7088,68
7089,-1
7090,-1
7091,-1
7092,-1
7093,-1
7094,-1
7095,67
7096,67
7097,67
7098,67
7099,-1
7100,67
7101,67
7102,67
7103,67
7104,67
7105,-1
7106,-1
7107,-1
7108,68
7109,-1
7110,-1
7111,-1
7112,-1
7113,-1
7114,-1
7115,-1
7116,-1
7117,-1
7118,-1
7119,-1
7120,-1
7121,7
7122,7
7123,7
7124,7
7125,17
7126,17
7127,17
7128,-1
7129,-1
7130,-1
7131,-1
7132,-1
7133,-1
7134,-1
7135,-1
7136,68
7137,68
7138,-1
7139,-1
7140,68
7141,68
7142,-1
7143,68
7144,-1
7145,-1
7146,-1
7147,-1
7148,-1
7149,-1
7150,-1
7151,-1
7152,-1
7153,-1
7154,-1
7155,-1
7156,-1
7157,-1
7158,-1
7159,-1
7160,-1
7161,-1
7162,-1
7163,-1
7164,-1
7165,-1
7166,-1
7167,-1
7168,-1
7169,-1
7170,-1
7171,-1
7172,-1
7173,-1
7174,-1
7175,-1
7176,-1
7177,-1
7178,-1
7179,-1
7180,-1
7181,-1
7182,-1
7183,-1
7184,-1
7185,-1
7186,-1
7187,-1
7188,-1
7189,-1
7190,-1
7191,-1
7192,-1
7193,-1
7194,-1
7195,-1
7196,-1
7197,-1
7198,-1
7199,-1
7200,-1
7201,-1
7202,44
7203,44
7204,44
7205,44
7206,44
7207,24
7208,25
7209,23
7210,20
7211,10
7212,19
7213,22
7214,27
7215,26
7216,21
7217,-1
7218,-1
7219,-1
7220,38
7221,-1
7222,-1
7223,-1
7224,38
7225,32
7226,35
7227,-1
7228,-1
7229,-1
7230,-1
7231,-1
7232,-1
7233,-1
7234,-1
7235,-1
7236,-1
7237,-1
7238,-1
7239,-1
7240,-1
7241,-1
7242,-1
7243,-1
7244,-1
7245,-1
7246,-1
7247,-1
7248,-1
7249,-1
7250,95
7251,-1
7252,-1
7253,-1
7254,-1
7255,-1
7256,-1
7257,-1
7258,-1
7259,-1
7260,-1
7261,-1
7262,-1
7263,-1
7264,-1
7265,-1
7266,-1
7267,-1
7268,-1
7269,-1
7270,-1
7271,-1
7272,-1
7273,-1
7274,-1
7275,-1
7276,86
7277,-1
7278,-1
7279,-1
7280,-1
7281,-1
7282,-1
7283,-1
7284,-1
7285,-1
7286,-1
7287,-1
7288,-1
7289,-1
7290,-1
7291,44
7292,44
7293,44
7294,44
7295,44
7296,24
7297,25
7298,23
7299,20
7300,10
7301,19
7302,22
7303,27
7304,26
7305,21
7306,-1
7307,-1
7308,32
7309,-1
7310,-1
7311,32
7312,-1
7313,-1
7314,-1
7315,-1
7316,-1
7317,-1
7318,-1
7319,-1
7320,-1
7321,-1
7322,95
7323,94
7324,86
7325,-1
7326,-1
7327,-1
7328,-1
7329,-1
7330,-1
7331,-1
7332,-1
7333,-1
7334,-1
7335,-1
7336,95
7337,-1
7338,-1
7339,-1
7340,86
7341,-1
7342,-1
7343,-1
7344,-1
7345,-1
7346,95
7347,94
7348,86
7349,-1
7350,-1
7351,-1
7352,-1
7353,-1
7354,-1
7355,94
7356,86
7357,-1
7358,-1
7359,-1
7360,-1
7361,-1
7362,-1
7363,94
7364,86
7365,99
7366,-1
7367,-1
7368,-1
7369,98
7370,95
7371,94
7372,86
7373,99
7374,-1
7375,-1
7376,44
7377,44
7378,44
7379,44
7380,44
7381,24
7382,25
7383,23
7384,20
7385,10
7386,19
7387,22
7388,27
7389,-1
7390,21
7391,38
7392,32
7393,-1
7394,-1
7395,-1
7396,-1
7397,38
7398,32
7399,-1
7400,-1
7401,98
7402,95
7403,94
7404,86
7405,99
7406,98
7407,-1
7408,99
7409,98
7410,95
7411,94
7412,86
7413,99
7414,-1
7415,-1
7416,99
7417,98
7418,95
7419,94
7420,86
7421,99
7422,-1
7423,-1
7424,-1
7425,98
7426,95
7427,94
7428,86
7429,99
7430,98
7431,-1
7432,99
7433,98
7434,-1
7435,94
7436,86
7437,99
7438,98
7439,-1
7440,99
7441,98
7442,-1
7443,94
7444,-1
7445,99
7446,98
7447,-1
7448,-1
7449,-1
7450,-1
7451,-1
7452,-1
7453,-1
7454,-1
7455,-1
7456,-1
7457,-1
7458,-1
7459,-1
7460,-1
7461,99
7462,98
7463,-1
7464,99
7465,-1
7466,-1
7467,-1
7468,-1
7469,-1
7470,44
7471,44
7472,44
7473,44
7474,44
7475,24
7476,25
7477,23
7478,20
7479,10
7480,19
7481,22
7482,27
7483,26
7484,21
7485,-1
7486,-1
7487,-1
7488,-1
7489,-1
7490,-1
7491,-1
7492,38
7493,32
7494,-1
7495,-1
7496,99
7497,98
7498,95
7499,94
7500,-1
7501,99
7502,-1
7503,-1
7504,-1
7505,-1
7506,-1
7507,-1
7508,-1
7509,-1
7510,-1
7511,-1
7512,-1
7513,-1
7514,-1
7515,-1
7516,-1
7517,-1
7518,-1
7519,-1
7520,99
7521,-1
7522,-1
7523,-1
7524,-1
7525,99
7526,100
7527,-1
7528,99
7529,-1
7530,-1
7531,-1
7532,-1
7533,99
7534,100
7535,-1
7536,99
7537,100
7538,-1
7539,-1
7540,-1
7541,-1
7542,-1
7543,-1
7544,-1
7545,-1
7546,-1
7547,-1
7548,-1
7549,99
7550,-1
7551,-1
7552,-1
7553,100
7554,-1
7555,-1
7556,-1
7557,99
7558,-1
7559,-1
7560,99
7561,-1
7562,-1
7563,44
7564,44
7565,44
7566,44
7567,44
7568,24
7569,25
7570,23
7571,20
7572,10
7573,19
7574,22
7575,27
7576,26
7577,21
7578,-1
7579,-1
7580,-1
7581,-1
7582,-1
7583,-1
7584,-1
7585,-1
7586,-1
7587,-1
7588,-1
7589,-1
7590,100
7591,-1
7592,-1
7593,100
7594,-1
7595,-1
7596,-1
7597,100
7598,-1
7599,-1
7600,100
7601,100
7602,-1
7603,-1
7604,-1
7605,100
7606,-1
7607,-1
7608,-1
7609,-1
7610,-1
7611,-1
7612,-1
7613,-1
7614,100
7615,100
7616,100
7617,100
7618,100
7619,100
7620,100
7621,100
7622,100
7623,100
7624,100
7625,100
7626,100
7627,100
7628,100
7629,100
7630,100
7631,100
7632,100
7633,100
7634,-1
7635,-1
7636,-1
7637,100
7638,100
7639,100
7640,100
7641,100
7642,100
7643,100
7644,-1
7645,100
7646,-1
7647,100
7648,-1
7649,-1
7650,-1
7651,100
7652,-1
7653,100
7654,100
7655,-1
7656,-1
7657,44
7658,44
7659,44
7660,44
7661,44
7662,24
7663,25
7664,23
7665,20
7666,10
7667,19
7668,22
7669,27
7670,26
7671,21
7672,-1
7673,-1
7674,-1
7675,-1
7676,-1
7677,-1
7678,-1
7679,-1
7680,-1
7681,100
7682,100
7683,100
7684,100
7685,100
7686,100
7687,100
7688,100
7689,100
7690,100
7691,100
7692,100
7693,100
7694,100
7695,100
7696,100
7697,100
7698,100
7699,100
7700,100
7701,100
7702,100
7703,100
7704,100
7705,100
7706,100
7707,100
7708,100
7709,100
7710,100
7711,100
7712,100
7713,100
7714,100
7715,100
7716,100
7717,100
7718,100
7719,100
7720,100
7721,100
7722,100
7723,100
7724,100
7725,100
7726,100
7727,100
7728,100
7729,100
7730,100
7731,100
7732,100
7733,100
7734,100
7735,100
7736,100
7737,100
7738,100
7739,100
7740,-1
7741,100
7742,100
7743,100
7744,100
7745,100
7746,-1
7747,-1
7748,44
7749,44
7750,44
7751,44
7752,44
7753,24
7754,25
7755,23
7756,20
7757,10
7758,19
7759,22
7760,27
7761,-1
7762,-1
7763,-1
7764,38
7765,-1
7766,-1
7767,-1
7768,-1
7769,-1
7770,-1
7771,-1
7772,-1
7773,100
7774,100
7775,100
7776,100
7777,100
7778,100
7779,100
7780,100
7781,100
7782,100
7783,100
7784,100
7785,100
7786,100
7787,100
7788,100
7789,100
7790,100
7791,100
7792,100
7793,100
7794,100
7795,100
7796,100
7797,100
7798,100
7799,100
7800,100
7801,100
7802,100
7803,100
7804,100
7805,100
7806,100
7807,100
7808,100
7809,100
7810,100
7811,100
7812,100
7813,100
7814,100
7815,100
7816,100
7817,100
7818,100
7819,100
7820,100
7821,100
7822,100
7823,100
7824,100
7825,100
7826,100
7827,-1
7828,-1
7829,100
7830,-1
7831,-1
7832,-1
7833,-1
7834,-1
7835,-1
7836,-1
7837,-1
7838,-1
7839,44
7840,44
7841,44
7842,44
7843,44
7844,24
7845,25
7846,23
7847,20
7848,10
7849,19
7850,22
7851,27
7852,-1
7853,21
7854,-1
7855,-1
7856,-1
7857,-1
7858,-1
7859,-1
7860,-1
7861,38
7862,-1
7863,-1
7864,-1
7865,-1
7866,-1
7867,-1
7868,-1
7869,-1
7870,-1
7871,100
7872,100
7873,100
7874,100
7875,100
7876,-1
7877,100
7878,100
7879,100
7880,100
7881,100
7882,-1
7883,-1
7884,-1
7885,-1
7886,-1
7887,100
7888,100
7889,100
7890,-1
7891,-1
7892,-1
7893,100
7894,100
7895,100
7896,100
7897,100
7898,100
7899,-1
7900,-1
7901,100
7902,100
7903,100
7904,100
7905,-1
7906,-1
7907,-1
7908,-1
7909,-1
7910,-1
7911,-1
7912,100
7913,-1
7914,-1
7915,-1
7916,-1
7917,-1
7918,-1
7919,-1
7920,100
7921,100
7922,-1
7923,-1
7924,-1
7925,100
7926,-1
7927,100
7928,-1
7929,-1
7930,44
7931,44
7932,44
7933,44
7934,44
7935,24
7936,25
7937,23
7938,20
7939,10
7940,19
7941,22
7942,27
7943,-1
7944,21
7945,-1
7946,-1
7947,38
7948,-1
7949,-1
7950,-1
7951,-1
7952,38
7953,32
7954,-1
7955,-1
7956,-1
7957,-1
7958,-1
7959,100
7960,100
7961,100
7962,-1
7963,-1
7964,-1
7965,100
7966,100
7967,100
7968,100
7969,100
7970,-1
7971,-1
7972,-1
7973,100
7974,100
7975,-1
7976,100
7977,100
7978,-1
7979,-1
7980,-1
7981,100
7982,100
7983,-1
7984,100
7985,100
7986,-1
7987,-1
7988,-1
7989,100
7990,-1
7991,-1
7992,100
7993,100
7994,-1
7995,-1
7996,-1
7997,-1
7998,-1
7999,-1
8000,100
8001,-1
8002,-1
8003,-1
8004,-1
8005,100
8006,-1
8007,-1
8008,-1
8009,-1
8010,-1
8011,-1
8012,-1
8013,-1
8014,-1
8015,-1
8016,-1
8017,-1
8018,-1
8019,-1
8020,44
8021,44
8022,44
8023,44
8024,44
8025,-1
8026,-1
8027,23
8028,20
8029,10
8030,19
8031,22
8032,-1
8033,-1
8034,-1
8035,-1
8036,-1
8037,-1
8038,-1
8039,-1
8040,-1
8041,38
8042,32
8043,-1
8044,-1
8045,-1
8046,-1
8047,-1
8048,-1
8049,-1
8050,-1
8051,-1
8052,-1
8053,-1
8054,-1
8055,-1
8056,-1
8057,-1
8058,-1
8059,-1
8060,-1
8061,-1
8062,-1
8063,-1
8064,-1
8065,-1
8066,-1
8067,-1
8068,-1
8069,-1
8070,-1
8071,-1
8072,-1
8073,-1
8074,-1
8075,-1
8076,-1
8077,100
8078,-1
8079,-1
8080,-1
8081,-1
8082,-1
8083,-1
8084,-1
8085,-1
8086,-1
8087,-1
8088,-1
8089,-1
8090,-1
8091,-1
8092,-1
8093,-1
8094,-1
8095,-1
8096,-1
8097,-1
8098,-1
8099,-1
8100,-1
8101,-1
8102,-1
8103,-1
8104,-1
8105,44
8106,44
8107,44
8108,44
8109,44
8110,24
8111,25
8112,23
8113,20
8114,10
8115,19
8116,22
8117,27
8118,26
8119,21
8120,-1
8121,-1
8122,-1
8123,38
8124,32
8125,-1
8126,-1
8127,-1
8128,38
8129,32
8130,-1
8131,-1
8132,-1
8133,-1
8134,-1
8135,-1
8136,-1
8137,-1
8138,-1
8139,-1
8140,-1
8141,-1
8142,-1
8143,-1
8144,-1
8145,-1
8146,-1
8147,-1
8148,105
8149,-1
8150,-1
8151,-1
8152,-1
8153,-1
8154,-1
8155,-1
8156,105
8157,-1
8158,-1
8159,-1
8160,-1
8161,-1
8162,-1
8163,-1
8164,105
8165,-1
8166,-1
8167,-1
8168,-1
8169,-1
8170,-1
8171,-1
8172,105
8173,-1
8174,-1
8175,-1
8176,-1
8177,-1
8178,-1
8179,-1
8180,-1
8181,-1
8182,-1
8183,-1
8184,-1
8185,-1
8186,-1
8187,-1
8188,-1
8189,-1
8190,-1
8191,-1
8192,-1
8193,-1
8194,-1
8195,-1
8196,-1
8197,-1
8198,-1
8199,-1
8200,44
8201,44
8202,44
8203,44
8204,44
8205,24
8206,25
8207,23
8208,20
8209,10
8210,19
8211,22
8212,27
8213,26
8214,21
8215,-1
8216,-1
8217,-1
8218,-1
8219,-1
8220,-1
8221,-1
8222,-1
8223,32
8224,-1
8225,-1
8226,-1
8227,-1
8228,105
8229,-1
8230,-1
8231,104
8232,-1
8233,-1
8234,-1
8235,-1
8236,105
8237,-1
8238,-1
8239,-1
8240,-1
8241,-1
8242,-1
8243,-1
8244,-1
8245,-1
8246,-1
8247,-1
8248,-1
8249,-1
8250,-1
8251,-1
8252,-1
8253,-1
8254,-1
8255,-1
8256,-1
8257,-1
8258,-1
8259,-1
8260,-1
8261,-1
8262,-1
8263,-1
8264,-1
8265,-1
8266,-1
8267,-1
8268,-1
8269,-1
8270,-1
8271,104
8272,-1
8273,-1
8274,-1
8275,-1
8276,-1
8277,-1
8278,-1
8279,-1
8280,-1
8281,-1
8282,-1
8283,-1
8284,105
8285,-1
8286,-1
8287,-1
8288,-1
8289,-1
8290,-1
8291,-1
8292,105
8293,-1
8294,-1
8295,44
8296,44
8297,44
8298,44
8299,44
8300,24
8301,25
8302,23
8303,20
8304,10
8305,19
8306,22
8307,27
8308,26
8309,-1
8310,-1
8311,38
8312,32
8313,-1
8314,-1
8315,-1
8316,-1
8317,32
8318,-1
8319,-1
8320,-1
8321,-1
8322,-1
8323,-1
8324,-1
8325,-1
8326,-1
8327,-1
8328,-1
8329,-1
8330,-1
8331,-1
8332,-1
8333,-1
8334,-1
8335,-1
8336,-1
8337,-1
8338,-1
8339,-1
8340,-1
8341,-1
8342,-1
8343,-1
8344,-1
8345,-1
8346,-1
8347,104
8348,-1
8349,-1
8350,-1
8351,-1
8352,105
8353,-1
8354,-1
8355,104
8356,-1
8357,-1
8358,-1
8359,-1
8360,105
8361,-1
8362,-1
8363,104
8364,-1
8365,-1
8366,-1
8367,-1
8368,-1
8369,-1
8370,-1
8371,104
8372,-1
8373,-1
8374,-1
8375,-1
8376,-1
8377,-1
8378,-1
8379,104
8380,-1
8381,-1
8382,-1
8383,-1
8384,105
8385,-1
8386,-1
8387,44
8388,44
8389,44
8390,44
8391,44
8392,24
8393,25
8394,23
8395,20
8396,10
8397,19
8398,22
8399,27
8400,26
8401,21
8402,-1
8403,-1
8404,-1
8405,-1
8406,-1
8407,-1
8408,-1
8409,38
8410,32
8411,-1
8412,-1
8413,-1
8414,-1
8415,-1
8416,105
8417,-1
8418,102
8419,104
8420,-1
8421,-1
8422,109
8423,-1
8424,-1
8425,-1
8426,102
8427,104
8428,-1
8429,-1
8430,109
8431,-1
8432,105
8433,-1
8434,102
8435,104
8436,-1
8437,-1
8438,109
8439,-1
8440,-1
8441,-1
8442,-1
8443,-1
8444,-1
8445,-1
8446,-1
8447,-1
8448,-1
8449,-1
8450,102
8451,-1
8452,-1
8453,-1
8454,-1
8455,-1
8456,-1
8457,-1
8458,-1
8459,-1
8460,-1
8461,-1
8462,-1
8463,-1
8464,-1
8465,-1
8466,-1
8467,-1
8468,-1
8469,-1
8470,-1
8471,-1
8472,-1
8473,-1
8474,-1
8475,-1
8476,-1
8477,-1
8478,44
8479,44
8480,44
8481,44
8482,44
8483,24
8484,25
8485,23
8486,20
8487,10
8488,19
8489,22
8490,27
8491,26
8492,21
8493,-1
8494,-1
8495,-1
8496,-1
8497,-1
8498,-1
8499,38
8500,32
8501,-1
8502,-1
8503,-1
8504,38
8505,32
8506,-1
8507,-1
8508,-1
8509,-1
8510,102
8511,104
8512,-1
8513,-1
8514,109
8515,106
8516,-1
8517,-1
8518,102
8519,104
8520,-1
8521,-1
8522,109
8523,106
8524,-1
8525,-1
8526,102
8527,104
8528,-1
8529,-1
8530,109
8531,106
8532,-1
8533,-1
8534,-1
8535,-1
8536,-1
8537,-1
8538,-1
8539,-1
8540,-1
8541,110
8542,102
8543,104
8544,111
8545,117
8546,109
8547,106
8548,112
8549,110
8550,102
8551,-1
8552,111
8553,-1
8554,109
8555,106
8556,112
8557,110
8558,102
8559,104
8560,-1
8561,-1
8562,109
8563,106
8564,-1
8565,-1
8566,-1
8567,-1
8568,-1
8569,-1
8570,-1
8571,-1
8572,-1
8573,44
8574,44
8575,44
8576,44
8577,44
8578,24
8579,25
8580,23
8581,20
8582,10
8583,19
8584,22
8585,27
8586,26
8587,21
8588,-1
8589,-1
8590,38
8591,32
8592,-1
8593,-1
8594,-1
8595,38
8596,32
8597,-1
8598,-1
8599,104
8600,111
8601,117
8602,109
8603,106
8604,112
8605,110
8606,102
8607,104
8608,111
8609,117
8610,109
8611,106
8612,112
8613,110
8614,102
8615,104
8616,111
8617,117
8618,109
8619,106
8620,112
8621,110
8622,102
8623,104
8624,111
8625,117
8626,109
8627,106
8628,112
8629,110
8630,102
8631,104
8632,111
8633,117
8634,109
8635,106
8636,112
8637,110
8638,102
8639,104
8640,111
8641,117
8642,109
8643,106
8644,112
8645,110
8646,102
8647,104
8648,111
8649,117
8650,109
8651,106
8652,112
8653,110
8654,102
8655,104
8656,111
8657,117
8658,109
8659,106
8660,112
8661,110
8662,102
8663,104
8664,111
8665,117
8666,-1
8667,-1
8668,44
8669,44
8670,44
8671,44
8672,44
8673,24
8674,25
8675,23
8676,20
8677,10
8678,19
8679,22
8680,27
8681,26
8682,21
8683,38
8684,32
8685,35
8686,-1
8687,-1
8688,38
8689,32
8690,-1
8691,-1
8692,112
8693,110
8694,102
8695,104
8696,111
8697,117
8698,109
8699,106
8700,112
8701,110
8702,102
8703,104
8704,111
8705,117
8706,109
8707,106
8708,112
8709,110
8710,102
8711,104
8712,111
8713,117
8714,109
8715,106
8716,112
8717,110
8718,102
8719,104
8720,111
8721,117
8722,109
8723,106
8724,112
8725,110
8726,-1
8727,104
8728,111
8729,117
8730,110
8731,-1
8732,-1
8733,-1
8734,-1
8735,-1
8736,117
8737,110
8738,102
8739,104
8740,111
8741,117
8742,109
8743,106
8744,112
8745,110
8746,102
8747,104
8748,111
8749,117
8750,109
8751,106
8752,112
8753,110
8754,102
8755,104
8756,111
8757,117
8758,-1
8759,-1
8760,44
8761,44
8762,44
8763,44
8764,44
8765,24
8766,25
8767,23
8768,20
8769,10
8770,19
8771,22
8772,27
8773,26
8774,21
8775,-1
8776,60
8777,38
8778,32
8779,35
8780,-1
8781,60
8782,38
8783,32
8784,35
8785,-1
8786,-1
8787,-1
8788,-1
8789,-1
8790,106
8791,112
8792,110
8793,102
8794,104
8795,111
8796,117
8797,-1
8798,102
8799,104
8800,-1
8801,117
8802,-1
8803,106
8804,-1
8805,-1
8806,-1
8807,-1
8808,-1
8809,-1
8810,-1
8811,-1
8812,-1
8813,-1
8814,-1
8815,-1
8816,-1
8817,-1
8818,106
8819,112
8820,-1
8821,-1
8822,-1
8823,-1
8824,-1
8825,-1
8826,-1
8827,-1
8828,-1
8829,-1
8830,-1
8831,-1
8832,-1
8833,-1
8834,-1
8835,-1
8836,-1
8837,111
8838,-1
8839,-1
8840,-1
8841,-1
8842,44
8843,44
8844,44
8845,44
8846,44
8847,24
8848,25
8849,23
8850,20
8851,10
8852,19
8853,22
8854,27
8855,26
8856,21
8857,60
8858,38
8859,32
8860,-1
8861,-1
8862,38
8863,32
8864,35
8865,49
8866,-1
8867,-1
8868,-1
8869,-1
8870,-1
8871,-1
8872,-1
8873,-1
8874,-1
8875,-1
8876,-1
8877,118
8878,-1
8879,-1
8880,-1
8881,-1
8882,-1
8883,-1
8884,-1
8885,118
8886,-1
8887,-1
8888,-1
8889,-1
8890,-1
8891,-1
8892,-1
8893,-1
8894,-1
8895,-1
8896,-1
8897,-1
8898,-1
8899,-1
8900,-1
8901,-1
8902,-1
8903,-1
8904,-1
8905,-1
8906,118
8907,118
8908,118
8909,118
8910,-1
8911,118
8912,-1
8913,-1
8914,118
8915,118
8916,-1
8917,118
8918,118
8919,-1
8920,118
8921,-1
8922,-1
8923,-1
8924,-1
8925,-1
8926,-1
8927,118
8928,118
8929,118
8930,118
8931,118
8932,-1
8933,-1
8934,44
8935,44
8936,44
8937,44
8938,44
8939,24
8940,25
8941,23
8942,20
8943,10
8944,19
8945,22
8946,27
8947,26
8948,21
8949,-1
8950,-1
8951,-1
8952,-1
8953,-1
8954,-1
8955,60
8956,38
8957,32
8958,35
8959,49
8960,-1
8961,-1
8962,-1
8963,118
8964,118
8965,118
8966,118
8967,118
8968,118
8969,118
8970,118
8971,118
8972,118
8973,-1
8974,-1
8975,-1
8976,-1
8977,-1
8978,-1
8979,-1
8980,118
8981,118
8982,118
8983,118
8984,118
8985,118
8986,118
8987,118
8988,118
8989,118
8990,118
8991,118
8992,118
8993,118
8994,118
8995,118
8996,118
8997,118
8998,118
8999,118
9000,118
9001,118
9002,118
9003,118
9004,118
9005,-1
9006,-1
9007,118
9008,118
9009,118
9010,118
9011,118
9012,118
9013,118
9014,-1
9015,-1
9016,118
9017,118
9018,118
9019,118
9020,118
9021,118
9022,118
9023,118
9024,118
9025,-1
9026,-1
9027,44
9028,44
9029,44
9030,44
9031,44
9032,24
9033,25
9034,23
9035,20
9036,10
9037,19
9038,22
9039,27
9040,26
9041,21
9042,-1
9043,60
9044,38
9045,32
9046,35
9047,-1
9048,60
9049,38
9050,32
9051,35
9052,49
9053,118
9054,118
9055,118
9056,118
9057,118
9058,118
9059,118
9060,118
9061,118
9062,118
9063,118
9064,118
9065,118
9066,118
9067,118
9068,118
9069,118
9070,118
9071,118
9072,118
9073,118
9074,118
9075,118
9076,118
9077,118
9078,118
9079,118
9080,118
9081,118
9082,118
9083,118
9084,118
9085,118
9086,118
9087,118
9088,118
9089,118
9090,118
9091,118
9092,118
9093,118
9094,118
9095,118
9096,118
9097,118
9098,118
9099,-1
9100,118
9101,118
9102,118
9103,118
9104,118
9105,118
9106,118
9107,118
9108,118
9109,118
9110,118
9111,118
9112,118
9113,118
9114,118
9115,118
9116,118
9117,118
9118,118
9119,-1
9120,-1
9121,44
9122,44
9123,44
9124,44
9125,44
9126,24
9127,25
9128,23
9129,20
9130,10
9131,19
9132,22
9133,27
9134,26
9135,21
9136,60
9137,38
9138,32
9139,-1
9140,-1
9141,38
9142,32
9143,35
9144,49
9145,118
9146,118
9147,118
9148,118
9149,118
9150,118
9151,118
9152,118
9153,118
9154,118
9155,118
9156,118
9157,118
9158,118
9159,118
9160,118
9161,118
9162,118
9163,118
9164,118
9165,118
9166,118
9167,118
9168,118
9169,118
9170,118
9171,118
9172,118
9173,118
9174,118
9175,118
9176,118
9177,118
9178,118
9179,118
9180,118
9181,118
9182,118
9183,118
9184,118
9185,118
9186,118
9187,118
9188,118
9189,-1
9190,118
9191,118
9192,118
9193,118
9194,118
9195,118
9196,118
9197,118
9198,118
9199,118
9200,118
9201,118
9202,118
9203,118
9204,118
9205,118
9206,118
9207,118
9208,118
9209,-1
9210,-1
9211,44
9212,44
9213,44
9214,44
9215,44
9216,24
9217,25
9218,23
9219,20
9220,10
9221,19
9222,22
9223,27
9224,26
9225,21
9226,60
9227,38
9228,32
9229,-1
9230,-1
9231,38
9232,32
9233,35
9234,49
9235,118
9236,118
9237,118
9238,118
9239,118
9240,118
9241,118
9242,118
9243,118
9244,118
9245,118
9246,118
9247,118
9248,118
9249,118
9250,118
9251,118
9252,118
9253,118
9254,118
9255,118
9256,118
9257,118
9258,118
9259,118
9260,118
9261,118
9262,118
9263,118
9264,118
9265,118
9266,118
9267,118
9268,118
9269,118
9270,118
9271,118
9272,118
9273,118
9274,118
9275,118
9276,118
9277,118
9278,118
9279,118
9280,-1
9281,118
9282,118
9283,118
9284,118
9285,118
9286,118
9287,118
9288,118
9289,118
9290,118
9291,118
9292,118
9293,118
9294,118
9295,118
9296,118
9297,118
9298,118
9299,118
9300,-1
9301,-1
9302,44
9303,44
9304,44
9305,44
9306,44
9307,24
9308,25
9309,23
9310,20
9311,10
9312,19
9313,22
9314,27
9315,26
9316,21
9317,-1
9318,60
9319,38
9320,32
9321,35
9322,-1
9323,60
9324,38
9325,32
9326,35
9327,49
9328,118
9329,118
9330,118
9331,118
9332,118
9333,118
9334,118
9335,118
9336,118
9337,118
9338,118
9339,118
9340,-1
9341,-1
9342,118
9343,118
9344,118
9345,118
9346,118
9347,118
9348,118
9349,118
9350,118
9351,118
9352,118
9353,118
9354,118
9355,118
9356,118
9357,118
9358,118
9359,118
9360,118
9361,118
9362,118
9363,118
9364,118
9365,118
9366,118
9367,118
9368,118
9369,-1
9370,-1
9371,-1
9372,-1
9373,-1
9374,-1
9375,118
9376,118
9377,118
9378,118
9379,118
9380,118
9381,118
9382,-1
9383,118
9384,118
9385,-1
9386,-1
9387,-1
9388,-1
9389,-1
9390,-1
9391,118
9392,-1
9393,-1
9394,44
9395,44
9396,44
9397,44
9398,44
9399,24
9400,25
9401,23
9402,20
9403,10
9404,19
9405,22
9406,27
9407,26
9408,21
9409,-1
9410,60
9411,38
9412,32
9413,-1
9414,-1
9415,38
9416,32
9417,35
9418,49
9419,-1
9420,-1
9421,-1
9422,-1
9423,118
9424,118
9425,118
9426,-1
9427,-1
9428,118
9429,118
9430,118
9431,118
9432,118
9433,118
9434,118
9435,118
9436,-1
9437,118
9438,118
9439,118
9440,118
9441,-1
9442,-1
9443,-1
9444,-1
9445,-1
9446,-1
9447,118
9448,118
9449,118
9450,-1
9451,-1
9452,-1
9453,118
9454,118
9455,118
9456,118
9457,118
9458,-1
9459,-1
9460,-1
9461,118
9462,-1
9463,118
9464,-1
9465,-1
9466,-1
9467,-1
9468,-1
9469,-1
9470,-1
9471,118
9472,-1
9473,118
9474,-1
9475,-1
9476,-1
9477,-1
9478,-1
9479,118
9480,118
9481,118
9482,-1
9483,-1
9484,44
9485,44
9486,44
9487,44
9488,44
9489,24
9490,25
9491,23
9492,20
9493,10
9494,19
9495,22
9496,27
9497,26
9498,21
9499,-1
9500,60
9501,38
9502,32
9503,35
9504,-1
9505,60
9506,38
9507,32
9508,35
9509,49
9510,-1
9511,118
9512,118
9513,118
9514,-1
9515,-1
9516,-1
9517,118
9518,118
9519,-1
9520,118
9521,-1
9522,-1
9523,-1
9524,-1
9525,-1
9526,-1
9527,-1
9528,-1
9529,-1
9530,-1
9531,-1
9532,-1
9533,-1
9534,-1
9535,118
9536,-1
9537,118
9538,-1
9539,-1
9540,-1
9541,-1
9542,-1
9543,-1
9544,-1
9545,-1
9546,-1
9547,-1
9548,-1
9549,-1
9550,-1
9551,-1
9552,-1
9553,-1
9554,-1
9555,-1
9556,-1
9557,-1
9558,-1
9559,-1
9560,-1
9561,-1
9562,-1
9563,-1
9564,-1
9565,-1
9566,-1
9567,-1
9568,-1
9569,-1
9570,44
9571,44
9572,44
9573,44
9574,44
9575,24
9576,25
9577,23
9578,20
9579,10
9580,19
9581,22
9582,27
9583,26
9584,21
9585,-1
9586,-1
9587,38
9588,32
9589,-1
9590,-1
9591,38
9592,32
9593,35
9594,49
9595,-1
9596,-1
9597,-1
9598,-1
9599,-1
9600,-1
9601,-1
9602,-1
9603,-1
9604,-1
9605,-1
9606,-1
9607,-1
9608,-1
9609,-1
9610,-1
9611,-1
9612,-1
9613,-1
9614,-1
9615,-1
9616,115
9617,-1
9618,-1
9619,-1
9620,-1
9621,115
9622,-1
9623,-1
9624,115
9625,-1
9626,-1
9627,-1
9628,-1
9629,-1
9630,-1
9631,-1
9632,115
9633,-1
9634,-1
9635,-1
9636,-1
9637,-1
9638,-1
9639,-1
9640,-1
9641,-1
9642,-1
9643,-1
9644,-1
9645,-1
9646,-1
9647,-1
9648,-1
9649,-1
9650,-1
9651,-1
9652,-1
9653,115
9654,-1
9655,-1
9656,115
9657,-1
9658,-1
9659,44
9660,44
9661,44
9662,44
9663,44
9664,24
9665,25
9666,23
9667,20
9668,10
9669,19
9670,22
9671,27
9672,26
9673,21
9674,-1
9675,-1
9676,38
9677,32
9678,35
9679,-1
9680,38
9681,32
9682,35
9683,-1
9684,-1
9685,-1
9686,-1
9687,-1
9688,115
9689,-1
9690,-1
9691,-1
9692,-1
9693,115
9694,-1
9695,-1
9696,115
9697,-1
9698,-1
9699,-1
9700,-1
9701,-1
9702,-1
9703,-1
9704,-1
9705,-1
9706,-1
9707,-1
9708,-1
9709,-1
9710,-1
9711,-1
9712,115
9713,-1
9714,-1
9715,-1
9716,-1
9717,-1
9718,-1
9719,-1
9720,115
9721,-1
9722,-1
9723,-1
9724,-1
9725,-1
9726,-1
9727,-1
9728,-1
9729,-1
9730,-1
9731,-1
9732,-1
9733,-1
9734,-1
9735,-1
9736,-1
9737,-1
9738,-1
9739,-1
9740,-1
9741,-1
9742,-1
9743,-1
9744,-1
9745,-1
9746,-1
9747,-1
9748,-1
9749,-1
9750,-1
9751,44
9752,44
9753,44
9754,44
9755,44
9756,24
9757,25
9758,23
9759,20
9760,10
9761,19
9762,22
9763,27
9764,26
9765,21
9766,-1
9767,-1
9768,38
9769,32
9770,35
9771,-1
9772,-1
9773,38
9774,32
9775,35
9776,-1
9777,-1
9778,-1
9779,-1
9780,-1
9781,-1
9782,-1
9783,-1
9784,-1
9785,-1
9786,-1
9787,-1
9788,-1
9789,-1
9790,-1
9791,-1
9792,-1
9793,-1
9794,-1
9795,-1
9796,-1
9797,-1
9798,-1
9799,-1
9800,-1
9801,-1
9802,-1
9803,-1
9804,-1
9805,-1
9806,-1
9807,-1
9808,-1
9809,-1
9810,-1
9811,-1
9812,-1
9813,-1
9814,-1
9815,-1
9816,-1
9817,-1
9818,-1
9819,122
9820,-1
9821,-1
9822,-1
9823,-1
9824,-1
9825,-1
9826,-1
9827,-1
9828,-1
9829,-1
9830,-1
9831,-1
9832,-1
9833,-1
9834,-1
9835,-1
9836,-1
9837,-1
9838,-1
9839,-1
9840,-1
9841,-1
9842,44
9843,44
9844,44
9845,44
9846,44
9847,24
9848,25
9849,23
9850,20
9851,10
9852,19
9853,22
9854,27
9855,26
9856,21
9857,-1
9858,-1
9859,38
9860,32
9861,-1
9862,-1
9863,38
9864,32
9865,35
9866,-1
9867,122
9868,120
9869,134
9870,-1
9871,130
9872,-1
9873,-1
9874,125
9875,122
9876,120
9877,134
9878,-1
9879,130
9880,-1
9881,131
9882,125
9883,122
9884,120
9885,-1
9886,131
9887,130
9888,-1
9889,131
9890,125
9891,122
9892,120
9893,-1
9894,131
9895,130
9896,-1
9897,131
9898,125
9899,122
9900,120
9901,134
9902,131
9903,130
9904,134
9905,131
9906,125
9907,122
9908,120
9909,134
9910,131
9911,130
9912,-1
9913,131
9914,-1
9915,122
9916,120
9917,134
9918,131
9919,130
9920,134
9921,131
9922,125
9923,122
9924,120
9925,134
9926,131
9927,130
9928,-1
9929,131
9930,125
9931,122
9932,120
9933,134
9934,-1
9935,-1
9936,44
9937,44
9938,44
9939,44
9940,44
9941,24
9942,25
9943,23
9944,20
9945,10
9946,19
9947,22
9948,27
9949,26
9950,21
9951,-1
9952,-1
9953,38
9954,32
9955,-1
9956,-1
9957,38
9958,32
9959,35
9960,-1
9961,-1
9962,125
9963,122
9964,120
9965,134
9966,131
9967,130
9968,134
9969,131
9970,125
9971,122
9972,120
9973,134
9974,131
9975,125
9976,-1
9977,-1
9978,122
9979,120
9980,134
9981,131
9982,125
9983,122
9984,120
9985,134
9986,131
9987,130
9988,-1
9989,131
9990,125
9991,122
9992,120
9993,134
9994,131
9995,130
9996,-1
9997,131
9998,125
9999,122
10000,120
10001,134
10002,131
10003,130
10004,134
10005,131
10006,125
10007,-1
10008,120
10009,-1
10010,-1
10011,130
10012,-1
10013,131
10014,125
10015,122
10016,120
10017,134
10018,131
10019,-1
10020,134
10021,-1
10022,125
10023,122
10024,120
10025,134
10026,131
10027,-1
10028,-1
10029,44
10030,44
10031,44
10032,44
10033,44
10034,24
10035,25
10036,23
10037,20
10038,10
10039,19
10040,22
10041,27
10042,26
10043,21
10044,-1
10045,-1
10046,-1
10047,-1
10048,-1
10049,-1
10050,-1
10051,-1
10052,38
10053,32
10054,35
10055,-1
10056,-1
10057,-1
10058,-1
10059,-1
10060,-1
10061,-1
10062,-1
10063,-1
10064,-1
10065,134
10066,131
10067,-1
10068,-1
10069,-1
10070,-1
10071,-1
10072,-1
10073,-1
10074,-1
10075,-1
10076,-1
10077,-1
10078,-1
10079,-1
10080,-1
10081,-1
10082,-1
10083,-1
10084,-1
10085,-1
10086,-1
10087,-1
10088,-1
10089,-1
10090,-1
10091,-1
10092,-1
10093,-1
10094,-1
10095,-1
10096,-1
10097,-1
10098,-1
10099,-1
10100,-1
10101,-1
10102,-1
10103,-1
10104,-1
10105,-1
10106,-1
10107,-1
10108,-1
10109,-1
10110,-1
10111,-1
10112,-1
10113,-1
10114,-1
10115,-1
10116,-1
10117,-1
10118,-1
10119,-1
10120,-1
10121,-1
10122,-1
10123,44
10124,44
10125,44
10126,44
10127,44
10128,24
10129,25
10130,23
10131,20
10132,10
10133,19
10134,22
10135,27
10136,26
10137,21
10138,-1
10139,-1
10140,38
10141,32
10142,-1
10143,-1
10144,-1
10145,38
10146,32
10147,35
10148,-1
10149,-1
10150,-1
10151,-1
10152,-1
10153,-1
10154,-1
10155,-1
10156,-1
10157,-1
10158,-1
10159,-1
10160,-1
10161,-1
10162,-1
10163,-1
10164,141
10165,141
10166,141
10167,-1
10168,141
10169,141
10170,141
10171,141
10172,141
10173,141
10174,141
10175,-1
10176,141
10177,141
10178,141
10179,141
10180,141
10181,141
10182,141
10183,141
10184,141
10185,141
10186,141
10187,141
10188,-1
10189,-1
10190,-1
10191,-1
10192,-1
10193,-1
10194,-1
10195,-1
10196,-1
10197,-1
10198,-1
10199,-1
10200,-1
10201,-1
10202,-1
10203,-1
10204,-1
10205,-1
10206,-1
10207,-1
10208,-1
10209,-1
10210,140
10211,140
10212,-1
10213,140
10214,-1
10215,-1
10216,44
10217,44
10218,44
10219,44
10220,44
10221,24
10222,25
10223,23
10224,20
10225,10
10226,19
10227,22
10228,27
10229,26
10230,21
10231,-1
10232,38
10233,32
10234,-1
10235,-1
10236,38
10237,32
10238,35
10239,-1
10240,-1
10241,140
10242,140
10243,140
10244,140
10245,140
10246,140
10247,140
10248,140
10249,140
10250,140
10251,140
10252,140
10253,140
10254,140
10255,140
10256,140
10257,140
10258,140
10259,140
10260,140
10261,140
10262,140
10263,140
10264,140
10265,140
10266,140
10267,140
10268,140
10269,140
10270,140
10271,140
10272,140
10273,140
10274,140
10275,140
10276,140
10277,140
10278,-1
10279,-1
10280,-1
10281,140
10282,-1
10283,-1
10284,-1
10285,-1
10286,-1
10287,-1
10288,-1
10289,-1
10290,-1
10291,-1
10292,-1
10293,-1
10294,-1
10295,-1
10296,-1
10297,-1
10298,-1
10299,-1
10300,-1
10301,-1
10302,-1
10303,140
10304,-1
10305,-1
10306,44
10307,44
10308,44
10309,44
10310,44
10311,24
10312,25
10313,23
10314,20
10315,10
10316,19
10317,22
10318,27
10319,26
10320,21
10321,-1
10322,-1
10323,38
10324,32
10325,-1
10326,-1
10327,-1
10328,38
10329,32
10330,35
10331,-1
10332,-1
10333,-1
10334,-1
10335,-1
10336,-1
10337,-1
10338,-1
10339,-1
10340,-1
10341,-1
10342,-1
10343,-1
10344,-1
10345,-1
10346,-1
10347,-1
10348,-1
10349,-1
10350,-1
10351,-1
10352,-1
10353,-1
10354,-1
10355,-1
10356,-1
10357,-1
10358,-1
10359,-1
10360,-1
10361,-1
10362,-1
10363,-1
10364,-1
10365,-1
10366,-1
10367,-1
10368,-1
10369,-1
10370,-1
10371,-1
10372,-1
10373,-1
10374,-1
10375,-1
10376,-1
10377,-1
10378,-1
10379,-1
10380,-1
10381,-1
10382,-1
10383,-1
10384,-1
10385,-1
10386,-1
10387,-1
10388,44
10389,44
10390,44
10391,44
10392,44
10393,24
10394,25
10395,23
10396,20
10397,10
10398,19
10399,22
10400,27
10401,26
10402,21
10403,-1
10404,-1
10405,-1
10406,-1
10407,38
10408,32
10409,-1
10410,-1
10411,38
10412,32
10413,35
10414,-1
10415,-1
10416,-1
10417,-1
10418,-1
10419,-1
10420,-1
10421,-1
10422,-1
10423,-1
10424,-1
10425,-1
10426,-1
10427,-1
10428,-1
10429,-1
10430,-1
10431,-1
10432,129
10433,-1
10434,-1
10435,-1
10436,-1
10437,129
10438,126
10439,-1
10440,129
10441,-1
10442,-1
10443,-1
10444,113
10445,129
10446,126
10447,-1
10448,129
10449,-1
10450,124
10451,-1
10452,113
10453,129
10454,126
10455,-1
10456,-1
10457,-1
10458,-1
10459,-1
10460,-1
10461,-1
10462,-1
10463,-1
10464,129
10465,-1
10466,-1
10467,-1
10468,113
10469,-1
10470,-1
10471,-1
10472,-1
10473,126
10474,124
10475,121
10476,113
10477,-1
10478,-1
10479,44
10480,44
10481,44
10482,44
10483,44
10484,24
10485,25
10486,23
10487,20
10488,10
10489,19
10490,22
10491,27
10492,26
10493,21
10494,-1
10495,38
10496,32
10497,35
10498,-1
10499,-1
10500,38
10501,32
10502,35
10503,-1
10504,-1
10505,-1
10506,-1
10507,-1
10508,-1
10509,-1
10510,-1
10511,-1
10512,129
10513,126
10514,124
10515,121
10516,113
10517,129
10518,126
10519,-1
10520,-1
10521,-1
10522,-1
10523,-1
10524,-1
10525,-1
10526,-1
10527,-1
10528,121
10529,113
10530,129
10531,126
10532,-1
10533,129
10534,126
10535,-1
10536,-1
10537,-1
10538,-1
10539,-1
10540,-1
10541,-1
10542,124
10543,121
10544,113
10545,129
10546,126
10547,-1
10548,-1
10549,126
10550,-1
10551,121
10552,113
10553,129
10554,126
10555,-1
10556,-1
10557,126
10558,124
10559,121
10560,113
10561,-1
10562,126
10563,-1
10564,129
10565,126
10566,124
10567,121
10568,-1
10569,-1
10570,44
10571,44
10572,44
10573,44
10574,44
10575,24
10576,25
10577,23
10578,20
10579,10
10580,19
10581,22
10582,27
10583,26
10584,21
10585,-1
10586,38
10587,32
10588,35
10589,-1
10590,-1
10591,38
10592,32
10593,35
10594,-1
10595,-1
10596,-1
10597,-1
10598,-1
10599,121
10600,113
10601,-1
10602,-1
10603,-1
10604,-1
10605,-1
10606,124
10607,-1
10608,113
10609,-1
10610,-1
10611,-1
10612,-1
10613,-1
10614,-1
10615,-1
10616,113
10617,-1
10618,-1
10619,-1
10620,-1
10621,-1
10622,124
10623,121
10624,113
10625,-1
10626,-1
10627,-1
10628,-1
10629,126
10630,124
10631,121
10632,113
10633,-1
10634,-1
10635,-1
10636,-1
10637,-1
10638,-1
10639,-1
10640,-1
10641,-1
10642,-1
10643,-1
10644,-1
10645,-1
10646,-1
10647,-1
10648,-1
10649,-1
10650,-1
10651,-1
10652,-1
10653,-1
10654,-1
10655,-1
10656,-1
10657,-1
10658,-1
10659,-1
10660,-1
10661,44
10662,44
10663,44
10664,44
10665,44
10666,24
10667,25
10668,23
10669,20
10670,10
10671,19
10672,22
10673,27
10674,26
10675,21
10676,38
10677,32
10678,35
10679,-1
10680,38
10681,32
10682,35
10683,-1
10684,-1
10685,126
10686,124
10687,-1
10688,113
10689,-1
10690,-1
10691,-1
10692,123
10693,126
10694,-1
10695,-1
10696,113
10697,-1
10698,-1
10699,-1
10700,-1
10701,126
10702,-1
10703,121
10704,113
10705,-1
10706,119
10707,-1
10708,-1
10709,-1
10710,-1
10711,121
10712,113
10713,-1
10714,-1
10715,-1
10716,-1
10717,126
10718,-1
10719,-1
10720,-1
10721,-1
10722,-1
10723,-1
10724,-1
10725,-1
10726,-1
10727,-1
10728,-1
10729,-1
10730,-1
10731,-1
10732,-1
10733,-1
10734,-1
10735,-1
10736,-1
10737,-1
10738,-1
10739,-1
10740,-1
10741,-1
10742,-1
10743,-1
10744,-1
10745,-1
10746,-1
10747,-1
10748,-1
10749,44
10750,44
10751,44
10752,44
10753,44
10754,24
10755,25
10756,23
10757,20
10758,10
10759,19
10760,22
10761,27
10762,26
10763,21
10764,-1
10765,-1
10766,-1
10767,-1
10768,38
10769,32
10770,35
10771,-1
10772,38
10773,32
10774,35
10775,-1
10776,-1
10777,126
10778,127
10779,121
10780,113
10781,-1
10782,119
10783,-1
10784,123
10785,126
10786,127
10787,121
10788,113
10789,-1
10790,119
10791,-1
10792,123
10793,126
10794,127
10795,121
10796,-1
10797,-1
10798,119
10799,-1
10800,-1
10801,-1
10802,-1
10803,97
10804,96
10805,-1
10806,-1
10807,-1
10808,123
10809,126
10810,127
10811,121
10812,113
10813,-1
10814,119
10815,-1
10816,-1
10817,-1
10818,-1
10819,-1
10820,-1
10821,-1
10822,-1
10823,-1
10824,123
10825,126
10826,-1
10827,121
10828,-1
10829,-1
10830,-1
10831,-1
10832,-1
10833,126
10834,127
10835,121
10836,113
10837,-1
10838,-1
10839,-1
10840,44
10841,44
10842,44
10843,44
10844,44
10845,24
10846,25
10847,23
10848,20
10849,10
10850,19
10851,22
10852,27
10853,26
10854,21
10855,-1
10856,38
10857,32
10858,35
10859,-1
10860,38
10861,32
10862,35
10863,-1
10864,-1
10865,126
10866,127
10867,121
10868,113
10869,-1
10870,119
10871,-1
10872,123
10873,126
10874,127
10875,121
10876,-1
10877,-1
10878,119
10879,-1
10880,123
10881,-1
10882,-1
10883,97
10884,96
10885,-1
10886,-1
10887,-1
10888,123
10889,126
10890,127
10891,121
10892,113
10893,-1
10894,119
10895,-1
10896,123
10897,126
10898,127
10899,121
10900,-1
10901,-1
10902,119
10903,-1
10904,-1
10905,-1
10906,-1
10907,-1
10908,-1
10909,-1
10910,-1
10911,-1
10912,123
10913,126
10914,127
10915,121
10916,-1
10917,-1
10918,119
10919,-1
10920,-1
10921,-1
10922,-1
10923,97
10924,96
10925,-1
10926,-1
10927,-1
10928,-1
10929,-1
10930,44
10931,44
10932,44
10933,44
10934,44
10935,24
10936,25
10937,23
10938,20
10939,10
10940,19
10941,22
10942,27
10943,26
10944,21
10945,-1
10946,-1
10947,38
10948,32
10949,35
10950,-1
10951,-1
10952,38
10953,32
10954,35
10955,-1
10956,96
10957,-1
10958,-1
10959,-1
10960,123
10961,-1
10962,-1
10963,-1
10964,-1
10965,-1
10966,-1
10967,-1
10968,123
10969,-1
10970,-1
10971,97
10972,96
10973,-1
10974,-1
10975,-1
10976,-1
10977,-1
10978,-1
10979,97
10980,96
10981,-1
10982,-1
10983,-1
10984,-1
10985,126
10986,-1
10987,-1
10988,-1
10989,-1
10990,-1
10991,-1
10992,123
10993,-1
10994,-1
10995,-1
10996,-1
10997,-1
10998,-1
10999,-1
11000,-1
11001,-1
11002,-1
11003,97
11004,96
11005,-1
11006,-1
11007,-1
11008,-1
11009,-1
11010,-1
11011,-1
11012,-1
11013,-1
11014,-1
11015,-1
11016,-1
11017,-1
11018,-1
11019,-1
11020,-1
11021,44
11022,44
11023,44
11024,44
11025,44
11026,24
11027,25
11028,23
11029,20
11030,10
11031,19
11032,22
11033,27
11034,26
11035,21
11036,-1
11037,60
11038,38
11039,32
11040,35
11041,-1
11042,38
11043,32
11044,35
11045,-1
11046,-1
11047,-1
11048,-1
11049,-1
11050,-1
11051,-1
11052,-1
11053,-1
11054,-1
11055,-1
11056,-1
11057,-1
11058,-1
11059,-1
11060,-1
11061,-1
11062,-1
11063,-1
11064,-1
11065,-1
11066,-1
11067,97
11068,96
11069,-1
11070,-1
11071,-1
11072,-1
11073,-1
11074,-1
11075,97
11076,-1
11077,-1
11078,-1
11079,-1
11080,96
11081,-1
11082,-1
11083,-1
11084,-1
11085,-1
11086,-1
11087,97
11088,96
11089,-1
11090,-1
11091,-1
11092,-1
11093,-1
11094,-1
11095,-1
11096,-1
11097,-1
11098,-1
11099,-1
11100,-1
11101,44
11102,44
11103,44
11104,44
11105,44
11106,24
11107,25
11108,23
11109,20
11110,10
11111,19
11112,22
11113,27
11114,26
11115,21
11116,-1
11117,-1
11118,-1
11119,60
11120,38
11121,32
11122,35
11123,-1
11124,38
11125,32
11126,35
11127,49
11128,-1
11129,-1
11130,143
11131,136
11132,132
11133,147
11134,-1
11135,-1
11136,-1
11137,142
11138,143
11139,136
11140,132
11141,147
11142,142
11143,146
11144,-1
11145,142
11146,143
11147,136
11148,132
11149,147
11150,142
11151,146
11152,147
11153,142
11154,143
11155,136
11156,132
11157,147
11158,142
11159,146
11160,147
11161,142
11162,143
11163,136
11164,132
11165,147
11166,142
11167,146
11168,-1
11169,142
11170,-1
11171,136
11172,132
11173,147
11174,142
11175,146
11176,147
11177,142
11178,143
11179,136
11180,132
11181,147
11182,142
11183,-1
11184,-1
11185,142
11186,-1
11187,136
11188,132
11189,147
11190,-1
11191,-1
11192,44
11193,44
11194,44
11195,44
11196,44
11197,24
11198,25
11199,23
11200,20
11201,10
11202,19
11203,22
11204,27
11205,26
11206,21
11207,-1
11208,60
11209,38
11210,32
11211,35
11212,-1
11213,60
11214,38
11215,32
11216,35
11217,49
11218,-1
11219,136
11220,132
11221,147
11222,142
11223,146
11224,147
11225,142
11226,143
11227,136
11228,132
11229,147
11230,142
11231,146
11232,147
11233,142
11234,143
11235,136
11236,132
11237,147
11238,142
11239,146
11240,147
11241,-1
11242,-1
11243,-1
11244,-1
11245,-1
11246,-1
11247,-1
11248,-1
11249,-1
11250,-1
11251,-1
11252,-1
11253,-1
11254,-1
11255,-1
11256,147
11257,142
11258,143
11259,136
11260,-1
11261,-1
11262,142
11263,146
11264,147
11265,-1
11266,-1
11267,97
11268,96
11269,-1
11270,-1
11271,-1
11272,-1
11273,-1
11274,-1
11275,-1
11276,-1
11277,-1
11278,-1
11279,-1
11280,-1
11281,-1
11282,44
11283,44
11284,44
11285,44
11286,44
11287,24
11288,25
11289,23
11290,20
11291,10
11292,19
11293,22
11294,27
11295,26
11296,21
11297,60
11298,38
11299,32
11300,35
11301,-1
11302,60
11303,38
11304,32
11305,35
11306,49
11307,-1
11308,132
11309,147
11310,142
11311,146
11312,147
11313,-1
11314,-1
11315,-1
11316,-1
11317,-1
11318,-1
11319,146
11320,147
11321,142
11322,143
11323,136
11324,132
11325,-1
11326,142
11327,146
11328,147
11329,142
11330,143
11331,136
11332,132
11333,147
11334,142
11335,146
11336,147
11337,142
11338,143
11339,136
11340,132
11341,147
11342,142
11343,146
11344,147
11345,142
11346,143
11347,136
11348,132
11349,-1
11350,142
11351,-1
11352,147
11353,142
11354,143
11355,136
11356,132
11357,-1
11358,-1
11359,146
11360,147
11361,-1
11362,-1
11363,-1
11364,-1
11365,-1
11366,-1
11367,146
11368,147
11369,142
11370,-1
11371,-1
11372,-1
11373,44
11374,44
11375,44
11376,44
11377,44
11378,24
11379,25
11380,23
11381,20
11382,10
11383,19
11384,22
11385,27
11386,26
11387,21
11388,60
11389,38
11390,32
11391,35
11392,-1
11393,60
11394,38
11395,32
11396,35
11397,49
11398,-1
11399,146
11400,147
11401,142
11402,143
11403,136
11404,-1
11405,147
11406,142
11407,146
11408,147
11409,142
11410,-1
11411,-1
11412,132
11413,147
11414,142
11415,-1
11416,147
11417,142
11418,143
11419,136
11420,-1
11421,147
11422,142
11423,-1
11424,147
11425,-1
11426,-1
11427,-1
11428,-1
11429,-1
11430,-1
11431,84
11432,-1
11433,-1
11434,84
11435,84
11436,84
11437,84
11438,84
11439,84
11440,84
11441,84
11442,84
11443,84
11444,84
11445,84
11446,84
11447,84
11448,84
11449,84
11450,84
11451,84
11452,-1
11453,-1
11454,-1
11455,-1
11456,-1
11457,-1
11458,-1
11459,-1
11460,-1
11461,7
11462,7
11463,7
11464,7
11465,-1
11466,-1
11467,-1
11468,-1
11469,25
11470,23
11471,20
11472,10
11473,19
11474,22
11475,27
11476,26
11477,21
11478,-1
11479,60
11480,38
11481,32
11482,35
11483,-1
11484,60
11485,38
11486,32
11487,35
11488,49
11489,-1
11490,-1
11491,-1
11492,-1
11493,-1
11494,-1
11495,-1
11496,-1
11497,-1
11498,-1
11499,136
11500,-1
11501,-1
11502,-1
11503,-1
11504,-1
11505,-1
11506,-1
11507,-1
11508,-1
11509,-1
11510,-1
11511,-1
11512,-1
11513,-1
11514,-1
11515,84
11516,-1
11517,-1
11518,84
11519,84
11520,84
11521,84
11522,84
11523,84
11524,84
11525,84
11526,84
11527,84
11528,84
11529,84
11530,84
11531,84
11532,84
11533,84
11534,84
11535,84
11536,-1
11537,-1
11538,-1
11539,-1
11540,-1
11541,-1
11542,-1
11543,-1
11544,-1
11545,7
11546,7
11547,7
11548,7
11549,-1
11550,17
11551,17
11552,-1
11553,44
11554,44
11555,44
11556,44
11557,24
11558,25
11559,23
11560,20
11561,10
11562,19
11563,22
11564,27
11565,26
11566,21
11567,60
11568,38
11569,32
11570,35
11571,-1
11572,60
11573,38
11574,32
11575,35
11576,49
11577,-1
11578,-1
11579,-1
11580,-1
11581,156
11582,-1
11583,156
11584,156
11585,156
11586,156
11587,-1
11588,156
11589,156
11590,156
11591,156
11592,156
11593,156
11594,156
11595,-1
11596,156
11597,156
11598,156
11599,156
11600,156
11601,-1
11602,-1
11603,-1
11604,-1
11605,-1
11606,-1
11607,156
11608,156
11609,156
11610,156
11611,156
11612,156
11613,156
11614,156
11615,156
11616,156
11617,156
11618,156
11619,-1
11620,-1
11621,-1
11622,-1
11623,-1
11624,-1
11625,156
11626,156
11627,-1
11628,-1
11629,-1
11630,-1
11631,-1
11632,-1
11633,-1
11634,-1
11635,-1
11636,-1
11637,-1
11638,-1
11639,156
11640,-1
11641,-1
11642,-1
11643,44
11644,44
11645,44
11646,44
11647,44
11648,24
11649,25
11650,23
11651,20
11652,10
11653,19
11654,22
11655,27
11656,26
11657,21
11658,60
11659,38
11660,32
11661,35
11662,-1
11663,38
11664,32
11665,35
11666,49
11667,-1
11668,155
11669,155
11670,155
11671,155
11672,155
11673,155
11674,155
11675,155
11676,155
11677,155
11678,155
11679,155
11680,155
11681,155
11682,155
11683,155
11684,155
11685,155
11686,155
11687,155
11688,155
11689,155
11690,155
11691,155
11692,155
11693,155
11694,155
11695,155
11696,155
11697,155
11698,155
11699,155
11700,155
11701,155
11702,155
11703,155
11704,155
11705,155
11706,155
11707,155
11708,155
11709,155
11710,-1
11711,-1
11712,-1
11713,-1
11714,155
11715,155
11716,155
11717,155
11718,155
11719,-1
11720,-1
11721,-1
11722,-1
11723,-1
11724,-1
11725,-1
11726,-1
11727,-1
11728,-1
11729,155
11730,155
11731,-1
11732,-1
11733,44
11734,44
11735,44
11736,44
11737,44
11738,24
11739,25
11740,23
11741,20
11742,10
11743,19
11744,22
11745,27
11746,26
11747,21
11748,60
11749,38
11750,32
11751,35
11752,-1
11753,60
11754,38
11755,32
11756,35
11757,49
11758,-1
11759,-1
11760,-1
11761,-1
11762,-1
11763,-1
11764,-1
11765,-1
11766,-1
11767,-1
11768,-1
11769,-1
11770,-1
11771,-1
11772,-1
11773,-1
11774,-1
11775,-1
11776,-1
11777,-1
11778,-1
11779,-1
11780,-1
11781,-1
11782,-1
11783,-1
11784,-1
11785,-1
11786,-1
11787,-1
11788,-1
11789,-1
11790,-1
11791,-1
11792,-1
11793,-1
11794,-1
11795,-1
11796,-1
11797,-1
11798,-1
11799,-1
11800,-1
11801,-1
11802,-1
11803,-1
11804,-1
11805,-1
11806,-1
11807,-1
11808,-1
11809,-1
11810,-1
11811,-1
11812,-1
11813,-1
11814,-1
11815,-1
11816,-1
11817,-1
11818,-1
11819,-1
11820,-1
11821,44
11822,44
11823,44
11824,44
11825,44
11826,24
11827,25
11828,23
11829,20
11830,10
11831,19
11832,22
11833,27
11834,26
11835,21
11836,38
11837,32
11838,35
11839,-1
11840,38
11841,32
11842,35
11843,49
11844,-1
11845,-1
11846,-1
11847,-1
11848,-1
11849,-1
11850,-1
11851,-1
11852,-1
11853,-1
11854,-1
11855,-1
11856,-1
11857,-1
11858,-1
11859,-1
11860,-1
11861,-1
11862,-1
11863,-1
11864,-1
11865,-1
11866,-1
11867,-1
11868,-1
11869,149
11870,-1
11871,-1
11872,-1
11873,152
11874,149
11875,-1
11876,152
11877,149
11878,-1
11879,-1
11880,-1
11881,152
11882,149
11883,-1
11884,-1
11885,-1
11886,-1
11887,-1
11888,-1
11889,-1
11890,-1
11891,-1
11892,-1
11893,-1
11894,-1
11895,-1
11896,-1
11897,152
11898,-1
11899,-1
11900,152
11901,149
11902,-1
11903,-1
11904,-1
11905,-1
11906,149
11907,-1
11908,-1
11909,44
11910,44
11911,44
11912,44
11913,44
11914,24
11915,25
11916,23
11917,20
11918,10
11919,19
11920,22
11921,27
11922,26
11923,21
11924,-1
11925,-1
11926,-1
11927,60
11928,38
11929,32
11930,35
11931,-1
11932,60
11933,38
11934,32
11935,35
11936,49
11937,-1
11938,151
11939,148
11940,-1
11941,152
11942,149
11943,150
11944,-1
11945,149
11946,151
11947,148
11948,-1
11949,152
11950,149
11951,-1
11952,152
11953,149
11954,151
11955,148
11956,-1
11957,152
11958,149
11959,150
11960,152
11961,149
11962,151
11963,148
11964,-1
11965,152
11966,149
11967,150
11968,-1
11969,-1
11970,-1
11971,-1
11972,-1
11973,-1
11974,-1
11975,-1
11976,-1
11977,-1
11978,-1
11979,-1
11980,-1
11981,152
11982,149
11983,150
11984,152
11985,149
11986,151
11987,148
11988,-1
11989,-1
11990,149
11991,150
11992,-1
11993,-1
11994,-1
11995,148
11996,-1
11997,-1
11998,149
11999,-1
12000,-1
12001,44
12002,44
12003,44
12004,44
12005,44
12006,24
12007,25
12008,23
12009,20
12010,10
12011,19
12012,22
12013,27
12014,26
12015,21
12016,-1
12017,60
12018,38
12019,32
12020,35
12021,-1
12022,60
12023,38
12024,32
12025,35
12026,49
12027,-1
12028,-1
12029,152
12030,149
12031,150
12032,-1
12033,149
12034,151
12035,148
12036,-1
12037,152
12038,149
12039,150
12040,-1
12041,149
12042,151
12043,148
12044,-1
12045,152
12046,149
12047,150
12048,152
12049,149
12050,151
12051,148
12052,-1
12053,152
12054,149
12055,150
12056,-1
12057,-1
12058,-1
12059,-1
12060,-1
12061,-1
12062,-1
12063,-1
12064,-1
12065,149
12066,151
12067,148
12068,-1
12069,-1
12070,149
12071,-1
12072,-1
12073,-1
12074,151
12075,148
12076,-1
12077,-1
12078,149
12079,-1
12080,-1
12081,-1
12082,-1
12083,-1
12084,-1
12085,-1
12086,-1
12087,-1
12088,-1
12089,-1
12090,151
12091,-1
12092,-1
12093,44
12094,44
12095,44
12096,44
12097,44
12098,24
12099,25
12100,23
12101,20
12102,10
12103,19
12104,22
12105,27
12106,26
12107,21
12108,60
12109,38
12110,32
12111,35
12112,-1
12113,38
12114,32
12115,35
12116,49
12117,-1
12118,149
12119,150
12120,-1
12121,149
12122,-1
12123,148
12124,-1
12125,-1
12126,149
12127,-1
12128,-1
12129,149
12130,-1
12131,148
12132,-1
12133,-1
12134,149
12135,-1
12136,-1
12137,149
12138,-1
12139,148
12140,-1
12141,-1
12142,149
12143,-1
12144,-1
12145,149
12146,-1
12147,148
12148,-1
12149,-1
12150,149
12151,-1
12152,-1
12153,149
12154,-1
12155,-1
12156,-1
12157,-1
12158,149
12159,-1
12160,-1
12161,-1
12162,-1
12163,-1
12164,-1
12165,-1
12166,-1
12167,-1
12168,-1
12169,149
12170,-1
12171,-1
12172,-1
12173,-1
12174,-1
12175,-1
12176,-1
12177,-1
12178,-1
12179,-1
12180,-1
12181,-1
12182,-1
12183,-1
12184,-1
12185,44
12186,44
12187,44
12188,44
12189,44
12190,24
12191,25
12192,23
12193,20
12194,10
12195,19
12196,22
12197,27
12198,26
12199,21
12200,60
12201,38
12202,32
12203,35
12204,-1
12205,60
12206,38
12207,32
12208,35
12209,49
12210,-1
12211,-1
12212,-1
12213,-1
12214,-1
12215,-1
12216,-1
12217,-1
12218,-1
12219,-1
12220,-1
12221,-1
12222,-1
12223,-1
12224,-1
12225,-1
12226,-1
12227,-1
12228,-1
12229,-1
12230,-1
12231,-1
12232,-1
12233,-1
12234,-1
12235,-1
12236,-1
12237,-1
12238,-1
12239,-1
12240,-1
12241,-1
12242,-1
12243,-1
12244,-1
12245,-1
12246,-1
12247,-1
12248,-1
12249,-1
12250,-1
12251,-1
12252,-1
12253,-1
12254,-1
12255,-1
12256,-1
12257,-1
12258,-1
12259,-1
12260,-1
12261,-1
12262,-1
12263,-1
12264,-1
12265,-1
12266,-1
12267,-1
12268,-1
12269,-1
12270,-1
12271,-1
12272,-1
12273,-1
12274,44
12275,44
12276,44
12277,44
12278,44
12279,24
12280,25
12281,23
12282,20
12283,10
12284,19
12285,22
12286,27
12287,26
12288,21
12289,-1
12290,-1
12291,60
12292,38
12293,32
12294,35
12295,-1
12296,60
12297,38
12298,32
12299,35
12300,49
12301,-1
12302,-1
12303,-1
12304,-1
12305,-1
12306,-1
12307,-1
12308,-1
12309,-1
12310,-1
12311,-1
12312,-1
12313,-1
12314,-1
12315,-1
12316,-1
12317,-1
12318,-1
12319,-1
12320,-1
12321,-1
12322,-1
12323,-1
12324,-1
12325,-1
12326,-1
12327,-1
12328,-1
12329,-1
12330,-1
12331,-1
12332,-1
12333,-1
12334,-1
12335,-1
12336,-1
12337,-1
12338,-1
12339,-1
12340,-1
12341,-1
12342,-1
12343,-1
12344,-1
12345,-1
12346,-1
12347,-1
12348,-1
12349,-1
12350,-1
12351,-1
12352,-1
12353,-1
12354,-1
12355,-1
12356,-1
12357,-1
12358,-1
12359,-1
12360,-1
12361,-1
12362,-1
12363,-1
12364,44
12365,44
12366,44
12367,44
12368,44
12369,24
12370,25
12371,23
12372,20
12373,10
12374,19
12375,22
12376,27
12377,26
12378,21
12379,60
12380,38
12381,32
12382,35
12383,-1
12384,38
12385,32
12386,35
12387,49
12388,-1
12389,-1
12390,-1
12391,-1
12392,-1
12393,-1
12394,-1
12395,-1
12396,-1
12397,-1
12398,-1
12399,-1
12400,-1
12401,-1
12402,-1
12403,-1
12404,-1
12405,-1
12406,-1
12407,-1
12408,-1
12409,-1
12410,-1
12411,-1
12412,-1
12413,-1
12414,-1
12415,-1
12416,-1
12417,48
12418,48
12419,48
12420,48
12421,48
12422,48
12423,48
12424,48
12425,48
12426,48
12427,48
12428,48
12429,48
12430,48
12431,48
12432,48
12433,48
12434,48
12435,48
12436,-1
12437,-1
12438,-1
12439,-1
12440,-1
12441,-1
12442,-1
12443,-1
12444,-1
12445,7
12446,7
12447,7
12448,-1
12449,-1
12450,-1
12451,-1
12452,-1
12453,-1
12454,48
12455,48
12456,48
12457,48
12458,-1
12459,-1
12460,-1
12461,-1
12462,-1
12463,-1
12464,-1
12465,-1
12466,20
12467,10
12468,19
12469,22
12470,-1
12471,-1
12472,21
12473,-1
12474,-1
12475,-1
12476,60
12477,38
12478,32
12479,35
12480,-1
12481,60
12482,38
12483,32
12484,35
12485,49
12486,-1
12487,-1
12488,154
12489,154
12490,-1
12491,-1
12492,-1
12493,154
12494,154
12495,154
12496,154
12497,154
12498,154
12499,-1
12500,-1
12501,154
12502,154
12503,154
12504,154
12505,154
12506,-1
12507,-1
12508,-1
12509,154
12510,154
12511,154
12512,154
12513,154
12514,154
12515,-1
12516,-1
12517,154
12518,-1
12519,154
12520,154
12521,154
12522,154
12523,-1
12524,-1
12525,154
12526,154
12527,154
12528,154
12529,-1
12530,-1
12531,-1
12532,-1
12533,154
12534,154
12535,-1
12536,154
12537,154
12538,154
12539,-1
12540,-1
12541,-1
12542,-1
12543,-1
12544,-1
12545,-1
12546,-1
12547,-1
12548,-1
12549,-1
12550,154
12551,-1
12552,-1
12553,44
12554,44
12555,44
12556,44
12557,44
12558,24
12559,25
12560,23
12561,20
12562,10
12563,19
12564,22
12565,27
12566,26
12567,21
12568,-1
12569,60
12570,38
12571,32
12572,35
12573,-1
12574,38
12575,32
12576,35
12577,-1
12578,-1
12579,154
12580,154
12581,154
12582,154
12583,154
12584,154
12585,154
12586,154
12587,154
12588,154
12589,154
12590,154
12591,154
12592,154
12593,154
12594,154
12595,154
12596,154
12597,154
12598,154
12599,154
12600,154
12601,154
12602,154
12603,154
12604,154
12605,154
12606,154
12607,154
12608,154
12609,154
12610,154
12611,154
12612,154
12613,154
12614,154
12615,154
12616,-1
12617,-1
12618,-1
12619,-1
12620,154
12621,154
12622,154
12623,154
12624,154
12625,154
12626,154
12627,-1
12628,-1
12629,-1
12630,-1
12631,-1
12632,-1
12633,-1
12634,-1
12635,-1
12636,-1
12637,-1
12638,-1
12639,-1
12640,44
12641,44
12642,44
12643,44
12644,44
12645,24
12646,25
12647,23
12648,20
12649,10
12650,19
12651,22
12652,27
12653,26
12654,21
12655,-1
12656,-1
12657,60
12658,38
12659,32
12660,35
12661,-1
12662,38
12663,32
12664,35
12665,-1
12666,-1
12667,153
12668,153
12669,153
12670,153
12671,153
12672,153
12673,153
12674,153
12675,153
12676,153
12677,153
12678,153
12679,153
12680,153
12681,153
12682,153
12683,153
12684,153
12685,153
12686,153
12687,153
12688,153
12689,153
12690,153
12691,153
12692,153
12693,153
12694,153
12695,153
12696,153
12697,153
12698,153
12699,153
12700,153
12701,153
12702,153
12703,153
12704,-1
12705,-1
12706,-1
12707,-1
12708,-1
12709,153
12710,153
12711,153
12712,153
12713,153
12714,-1
12715,153
12716,-1
12717,-1
12718,-1
12719,-1
12720,153
12721,-1
12722,-1
12723,-1
12724,153
12725,153
12726,-1
12727,-1
12728,44
12729,44
12730,44
12731,44
12732,44
12733,24
12734,25
12735,23
12736,20
12737,10
12738,19
12739,22
12740,27
12741,26
12742,21
12743,-1
12744,60
12745,38
12746,32
12747,35
12748,-1
12749,38
12750,32
12751,35
12752,49
12753,-1
12754,153
12755,153
12756,153
12757,153
12758,153
12759,153
12760,153
12761,153
12762,153
12763,-1
12764,-1
12765,153
12766,153
12767,153
12768,153
12769,153
12770,153
12771,153
12772,153
12773,153
12774,153
12775,153
12776,153
12777,153
12778,153
12779,153
12780,153
12781,153
12782,153
12783,153
12784,153
12785,153
12786,153
12787,-1
12788,153
12789,153
12790,153
12791,153
12792,153
12793,153
12794,153
12795,-1
12796,-1
12797,-1
12798,-1
12799,-1
12800,-1
12801,-1
12802,-1
12803,-1
12804,-1
12805,-1
12806,-1
12807,-1
12808,-1
12809,-1
12810,-1
12811,-1
12812,-1
12813,-1
12814,-1
12815,-1
12816,-1
12817,-1
12818,153
12819,-1
12820,-1
12821,44
12822,44
12823,44
12824,44
12825,44
12826,24
12827,25
12828,23
12829,20
12830,10
12831,19
12832,22
12833,27
12834,26
12835,21
12836,-1
12837,60
12838,38
12839,32
12840,35
12841,-1
12842,38
12843,32
12844,35
12845,49
12846,-1
12847,-1
12848,153
12849,153
12850,-1
12851,-1
12852,-1
12853,-1
12854,-1
12855,-1
12856,153
12857,-1
12858,-1
12859,-1
12860,-1
12861,153
12862,-1
12863,-1
12864,-1
12865,-1
12866,-1
12867,-1
12868,-1
12869,153
12870,-1
12871,-1
12872,153
12873,-1
12874,-1
12875,-1
12876,-1
12877,153
12878,-1
12879,-1
12880,153
12881,-1
12882,-1
12883,-1
12884,-1
12885,153
12886,153
12887,-1
12888,153
12889,-1
12890,-1
12891,-1
12892,-1
12893,-1
12894,-1
12895,-1
12896,-1
12897,-1
12898,-1
12899,-1
12900,-1
12901,-1
12902,-1
12903,-1
12904,-1
12905,-1
12906,-1
12907,-1
12908,-1
12909,-1
12910,-1
12911,-1
12912,153
12913,-1
12914,-1
12915,44
12916,44
12917,44
12918,44
12919,44
12920,24
12921,25
12922,23
12923,20
12924,10
12925,19
12926,22
12927,27
12928,26
12929,21
12930,-1
12931,60
12932,38
12933,32
12934,35
12935,-1
12936,38
12937,32
12938,35
12939,49
12940,-1
12941,-1
12942,-1
12943,-1
12944,-1
12945,-1
12946,-1
12947,-1
12948,-1
12949,-1
12950,-1
12951,-1
12952,153
12953,-1
12954,-1
12955,-1
12956,-1
12957,-1
12958,-1
12959,-1
12960,-1
12961,-1
12962,-1
12963,-1
12964,-1
12965,-1
12966,-1
12967,-1
12968,-1
12969,-1
12970,-1
12971,-1
12972,-1
12973,-1
12974,-1
12975,-1
12976,-1
12977,-1
12978,-1
12979,-1
12980,-1
12981,-1
12982,-1
12983,-1
12984,-1
12985,-1
12986,-1
12987,-1
12988,-1
12989,-1
12990,-1
12991,-1
12992,-1
12993,-1
12994,-1
12995,-1
12996,-1
12997,-1
12998,-1
12999,-1
13000,-1
13001,-1
13002,-1
13003,-1
13004,-1
13005,-1
13006,-1
13007,-1
13008,-1
13009,44
13010,44
13011,44
13012,44
13013,44
13014,24
13015,25
13016,23
13017,20
13018,10
13019,19
13020,22
13021,27
13022,26
13023,21
13024,38
13025,32
13026,35
13027,-1
13028,-1
13029,60
13030,38
13031,32
13032,35
13033,49
13034,-1
13035,-1
13036,-1
13037,-1
13038,-1
13039,-1
13040,-1
13041,-1
13042,101
13043,-1
13044,-1
13045,-1
13046,101
13047,-1
13048,-1
13049,-1
13050,-1
13051,-1
13052,-1
13053,-1
13054,-1
13055,-1
13056,-1
13057,-1
13058,-1
13059,-1
13060,-1
13061,-1
13062,101
13063,-1
13064,-1
13065,-1
13066,-1
13067,-1
13068,-1
13069,-1
13070,-1
13071,-1
13072,-1
13073,-1
13074,-1
13075,-1
13076,-1
13077,-1
13078,-1
13079,-1
13080,-1
13081,-1
13082,-1
13083,-1
13084,-1
13085,-1
13086,-1
13087,-1
13088,-1
13089,-1
13090,-1
13091,-1
13092,-1
13093,-1
13094,-1
13095,-1
13096,-1
13097,-1
13098,137
13099,-1
13100,-1
13101,44
13102,44
13103,44
13104,44
13105,44
13106,24
13107,25
13108,23
13109,20
13110,10
13111,19
13112,22
13113,27
13114,26
13115,21
13116,60
13117,38
13118,32
13119,35
13120,-1
13121,38
13122,32
13123,35
13124,-1
13125,-1
13126,101
13127,-1
13128,-1
13129,-1
13130,137
13131,-1
13132,-1
13133,-1
13134,-1
13135,-1
13136,-1
13137,-1
13138,137
13139,-1
13140,-1
13141,-1
13142,-1
13143,-1
13144,-1
13145,-1
13146,101
13147,-1
13148,-1
13149,-1
13150,101
13151,-1
13152,-1
13153,-1
13154,137
13155,-1
13156,-1
13157,-1
13158,-1
13159,-1
13160,-1
13161,-1
13162,101
13163,-1
13164,-1
13165,-1
13166,101
13167,-1
13168,-1
13169,-1
13170,-1
13171,-1
13172,-1
13173,-1
13174,101
13175,-1
13176,-1
13177,-1
13178,137
13179,-1
13180,-1
13181,-1
13182,-1
13183,-1
13184,-1
13185,-1
13186,-1
13187,-1
13188,-1
13189,-1
13190,-1
13191,44
13192,44
13193,44
13194,44
13195,44
13196,24
13197,25
13198,23
13199,20
13200,10
13201,19
13202,22
13203,27
13204,26
13205,21
13206,-1
13207,60
13208,38
13209,32
13210,35
13211,-1
13212,38
13213,32
13214,35
13215,-1
13216,-1
13217,-1
13218,101
13219,-1
13220,-1
13221,-1
13222,101
13223,-1
13224,-1
13225,-1
13226,137
13227,-1
13228,-1
13229,-1
13230,-1
13231,-1
13232,-1
13233,-1
13234,137
13235,-1
13236,-1
13237,-1
13238,-1
13239,-1
13240,-1
13241,-1
13242,137
13243,-1
13244,-1
13245,-1
13246,-1
13247,-1
13248,-1
13249,-1
13250,137
13251,-1
13252,-1
13253,-1
13254,-1
13255,-1
13256,-1
13257,-1
13258,-1
13259,-1
13260,-1
13261,-1
13262,-1
13263,-1
13264,-1
13265,-1
13266,137
13267,-1
13268,-1
13269,-1
13270,-1
13271,-1
13272,-1
13273,-1
13274,-1
13275,-1
13276,-1
13277,-1
13278,-1
13279,-1
13280,-1
13281,-1
13282,44
13283,44
13284,44
13285,44
13286,44
13287,24
13288,25
13289,23
13290,20
13291,10
13292,19
13293,22
13294,27
13295,26
13296,21
13297,-1
13298,60
13299,38
13300,32
13301,35
13302,-1
13303,60
13304,38
13305,32
13306,35
13307,-1
13308,-1
13309,-1
13310,101
13311,-1
13312,-1
13313,-1
13314,137
13315,-1
13316,-1
13317,-1
13318,-1
13319,-1
13320,-1
13321,-1
13322,-1
13323,-1
13324,-1
13325,-1
13326,101
13327,-1
13328,-1
13329,-1
13330,-1
13331,-1
13332,-1
13333,-1
13334,-1
13335,-1
13336,-1
13337,-1
13338,-1
13339,-1
13340,-1
13341,-1
13342,-1
13343,-1
13344,-1
13345,-1
13346,-1
13347,-1
13348,-1
13349,-1
13350,-1
13351,-1
13352,-1
13353,-1
13354,-1
13355,-1
13356,-1
13357,-1
13358,-1
13359,-1
13360,-1
13361,-1
13362,-1
13363,-1
13364,-1
13365,-1
13366,101
13367,-1
13368,-1
13369,44
13370,44
13371,44
13372,44
13373,44
13374,24
13375,25
13376,23
13377,20
13378,10
13379,19
13380,22
13381,27
13382,26
13383,21
13384,38
13385,32
13386,35
13387,-1
13388,60
13389,38
13390,32
13391,35
13392,-1
13393,-1
13394,-1
13395,-1
13396,-1
13397,-1
13398,-1
13399,-1
13400,-1
13401,-1
13402,-1
13403,-1
13404,-1
13405,-1
13406,-1
13407,-1
13408,-1
13409,-1
13410,137
13411,-1
13412,116
13413,-1
13414,139
13415,-1
13416,-1
13417,-1
13418,-1
13419,-1
13420,-1
13421,-1
13422,-1
13423,-1
13424,-1
13425,-1
13426,-1
13427,-1
13428,-1
13429,-1
13430,-1
13431,-1
13432,-1
13433,-1
13434,-1
13435,-1
13436,-1
13437,-1
13438,-1
13439,-1
13440,-1
13441,-1
13442,-1
13443,-1
13444,116
13445,-1
13446,139
13447,-1
13448,-1
13449,-1
13450,-1
13451,-1
13452,-1
13453,-1
13454,-1
13455,-1
13456,-1
13457,-1
13458,-1
13459,44
13460,44
13461,44
13462,44
13463,44
13464,24
13465,25
13466,23
13467,20
13468,10
13469,19
13470,22
13471,27
13472,26
13473,21
13474,-1
13475,-1
13476,-1
13477,60
13478,38
13479,32
13480,35
13481,-1
13482,60
13483,38
13484,32
13485,35
13486,-1
13487,-1
13488,145
13489,135
13490,138
13491,133
13492,116
13493,144
13494,139
13495,128
13496,145
13497,135
13498,138
13499,133
13500,116
13501,144
13502,139
13503,128
13504,145
13505,135
13506,138
13507,133
13508,116
13509,144
13510,139
13511,128
13512,145
13513,135
13514,138
13515,133
13516,116
13517,144
13518,139
13519,128
13520,145
13521,135
13522,138
13523,133
13524,116
13525,144
13526,139
13527,128
13528,-1
13529,135
13530,-1
13531,-1
13532,116
13533,144
13534,139
13535,128
13536,145
13537,135
13538,138
13539,133
13540,-1
13541,-1
13542,-1
13543,-1
13544,-1
13545,-1
13546,-1
13547,-1
13548,116
13549,144
13550,-1
13551,-1
13552,44
13553,44
13554,44
13555,44
13556,44
13557,24
13558,25
13559,23
13560,20
13561,10
13562,19
13563,22
13564,27
13565,26
13566,21
13567,-1
13568,60
13569,38
13570,32
13571,35
13572,-1
13573,38
13574,32
13575,35
13576,-1
13577,-1
13578,138
13579,133
13580,116
13581,144
13582,139
13583,128
13584,145
13585,135
13586,138
13587,133
13588,116
13589,144
13590,139
13591,128
13592,145
13593,135
13594,138
13595,133
13596,116
13597,144
13598,139
13599,128
13600,145
13601,135
13602,138
13603,133
13604,116
13605,144
13606,139
13607,128
13608,145
13609,135
13610,138
13611,133
13612,116
13613,144
13614,139
13615,128
13616,145
13617,135
13618,138
13619,133
13620,116
13621,144
13622,139
13623,128
13624,-1
13625,135
13626,-1
13627,133
13628,116
13629,144
13630,139
13631,128
13632,145
13633,135
13634,138
13635,-1
13636,116
13637,-1
13638,-1
13639,128
13640,-1
13641,-1
13642,-1
13643,-1
13644,-1
13645,-1
13646,44
13647,44
13648,44
13649,44
13650,44
13651,24
13652,25
13653,23
13654,20
13655,10
13656,19
13657,22
13658,27
13659,26
13660,21
13661,-1
13662,-1
13663,60
13664,38
13665,32
13666,35
13667,-1
13668,38
13669,32
13670,35
13671,-1
13672,-1
13673,135
13674,138
13675,133
13676,116
13677,144
13678,-1
13679,128
13680,145
13681,135
13682,138
13683,133
13684,116
13685,144
13686,-1
13687,128
13688,-1
13689,-1
13690,-1
13691,-1
13692,-1
13693,-1
13694,-1
13695,-1
13696,-1
13697,135
13698,138
13699,133
13700,116
13701,144
13702,-1
13703,128
13704,-1
13705,135
13706,138
13707,-1
13708,116
13709,144
13710,135
13711,128
13712,-1
13713,-1
13714,-1
13715,-1
13716,-1
13717,-1
13718,-1
13719,-1
13720,-1
13721,-1
13722,-1
13723,-1
13724,116
13725,-1
13726,-1
13727,-1
13728,-1
13729,-1
13730,-1
13731,-1
13732,-1
13733,-1
13734,-1
13735,-1
13736,-1
13737,-1
13738,-1
13739,44
13740,44
13741,44
13742,44
13743,44
13744,24
13745,25
13746,23
13747,20
13748,10
13749,19
13750,22
13751,27
13752,26
13753,21
13754,-1
13755,-1
13756,-1
13757,38
13758,32
13759,35
13760,-1
13761,-1
13762,38
13763,32
13764,35
13765,-1
13766,-1
13767,128
13768,144
13769,-1
13770,-1
13771,-1
13772,-1
13773,144
13774,-1
13775,128
13776,-1
13777,-1
13778,-1
13779,-1
13780,-1
13781,144
13782,-1
13783,128
13784,144
13785,-1
13786,-1
13787,-1
13788,-1
13789,-1
13790,-1
13791,-1
13792,-1
13793,-1
13794,-1
13795,-1
13796,-1
13797,-1
13798,-1
13799,-1
13800,-1
13801,-1
13802,-1
13803,-1
13804,-1
13805,-1
13806,-1
13807,-1
13808,-1
13809,-1
13810,-1
13811,-1
13812,-1
13813,-1
13814,-1
13815,-1
13816,-1
13817,-1
13818,-1
13819,-1
13820,-1
13821,-1
13822,-1
13823,-1
13824,-1
13825,-1
13826,-1
13827,44
13828,44
13829,44
13830,44
13831,44
13832,24
13833,25
13834,23
13835,20
13836,10
13837,19
13838,22
13839,27
13840,26
13841,21
13842,-1
13843,-1
13844,-1
13845,-1
13846,38
13847,32
13848,35
13849,-1
13850,38
13851,32
13852,35
13853,-1
13854,-1
13855,-1
13856,-1
13857,-1
13858,-1
13859,-1
13860,-1
13861,-1
13862,-1
13863,-1
13864,-1
13865,-1
13866,-1
13867,-1
13868,-1
13869,-1
13870,-1
13871,-1
13872,-1
13873,-1
13874,-1
13875,-1
13876,-1
13877,-1
13878,-1
13879,-1
13880,-1
13881,-1
13882,-1
13883,-1
13884,-1
13885,-1
13886,-1
13887,-1
13888,-1
13889,-1
13890,-1
13891,-1
13892,-1
13893,-1
13894,-1
13895,-1
13896,-1
13897,-1
13898,-1
13899,-1
13900,-1
13901,-1
13902,-1
13903,-1
13904,-1
13905,-1
13906,-1
13907,-1
13908,-1
13909,-1
13910,-1
13911,-1
13912,-1
13913,-1
13914,-1
13915,-1
13916,-1
13917,-1
13918,-1
13919,44
13920,44
13921,44
13922,44
13923,44
13924,24
13925,25
13926,23
13927,20
13928,10
13929,19
13930,22
13931,27
13932,26
13933,21
13934,-1
13935,-1
13936,38
13937,32
13938,-1
13939,-1
13940,38
13941,32
13942,35
13943,-1
13944,-1
13945,114
13946,114
13947,114
13948,114
13949,114
13950,114
13951,114
13952,114
13953,114
13954,114
13955,114
13956,114
13957,114
13958,114
13959,114
13960,114
13961,114
13962,114
13963,114
13964,114
13965,114
13966,114
13967,114
13968,114
13969,114
13970,114
13971,114
13972,114
13973,114
13974,114
13975,114
13976,114
13977,114
13978,114
13979,114
13980,114
13981,114
13982,114
13983,114
13984,114
13985,114
13986,-1
13987,-1
13988,-1
13989,114
13990,-1
13991,-1
13992,108
13993,-1
13994,-1
13995,-1
13996,114
13997,114
13998,114
13999,-1
14000,-1
14001,-1
14002,-1
14003,-1
14004,-1
14005,-1
14006,-1
14007,-1
14008,-1
14009,44
14010,44
14011,44
14012,44
14013,44
14014,24
14015,25
14016,23
14017,20
14018,10
14019,19
14020,22
14021,27
14022,26
14023,21
14024,-1
14025,-1
14026,-1
14027,-1
14028,38
14029,-1
14030,-1
14031,-1
14032,38
14033,32
14034,-1
14035,-1
14036,-1
14037,108
14038,108
14039,108
14040,108
14041,108
14042,108
14043,108
14044,108
14045,108
14046,108
14047,108
14048,108
14049,108
14050,108
14051,108
14052,108
14053,108
14054,108
14055,108
14056,108
14057,108
14058,108
14059,108
14060,108
14061,108
14062,108
14063,108
14064,108
14065,108
14066,108
14067,108
14068,108
14069,108
14070,108
14071,108
14072,108
14073,108
14074,108
14075,108
14076,108
14077,108
14078,-1
14079,108
14080,108
14081,108
14082,108
14083,108
14084,108
14085,108
14086,108
14087,108
14088,-1
14089,108
14090,-1
14091,-1
14092,108
14093,108
14094,108
14095,108
14096,108
14097,108
14098,-1
14099,-1
14100,44
14101,44
14102,44
14103,44
14104,44
14105,-1
14106,-1
14107,23
14108,20
14109,10
14110,19
14111,-1
14112,-1
14113,-1
14114,-1
14115,-1
14116,-1
14117,-1
14118,-1
14119,-1
14120,-1
14121,-1
14122,-1
14123,-1
14124,-1
14125,-1
14126,107
14127,107
14128,107
14129,107
14130,107
14131,107
14132,107
14133,107
14134,107
14135,107
14136,107
14137,107
14138,107
14139,107
14140,107
14141,107
14142,107
14143,107
14144,107
14145,107
14146,107
14147,107
14148,107
14149,107
14150,107
14151,107
14152,107
14153,107
14154,107
14155,107
14156,107
14157,107
14158,107
14159,107
14160,107
14161,107
14162,-1
14163,107
14164,107
14165,107
14166,107
14167,107
14168,107
14169,107
14170,107
14171,107
14172,-1
14173,107
14174,107
14175,-1
14176,-1
14177,107
14178,107
14179,107
14180,107
14181,107
14182,-1
14183,-1
14184,-1
14185,-1
14186,-1
14187,-1
14188,-1
14189,-1
14190,-1
14191,-1
14192,-1
14193,10
14194,-1
14195,-1
14196,-1
14197,-1
14198,-1
14199,-1
14200,-1
14201,-1
14202,-1
14203,-1
14204,-1
14205,-1
14206,-1
14207,-1
14208,-1
14209,-1
14210,-1
14211,103
14212,103
14213,103
14214,103
14215,103
14216,103
14217,103
14218,103
14219,103
14220,103
14221,103
14222,103
14223,103
14224,103
14225,103
14226,103
14227,103
14228,103
14229,103
14230,103
14231,103
14232,103
14233,103
14234,103
14235,103
14236,103
14237,103
14238,103
14239,103
14240,103
14241,103
14242,103
14243,103
14244,103
14245,103
14246,103
14247,103
14248,103
14249,103
14250,103
14251,103
14252,103
14253,103
14254,103
14255,103
14256,103
14257,-1
14258,103
14259,103
14260,103
14261,103
14262,103
14263,103
14264,103
14265,103
14266,-1
14267,-1
14268,-1
14269,-1
14270,-1
14271,-1
14272,-1
14273,-1
14274,-1
14275,-1
14276,-1
14277,-1
14278,-1
14279,-1
14280,-1
14281,-1
14282,-1
14283,-1
14284,-1
14285,-1
14286,-1
14287,-1
14288,10
14289,-1
14290,-1
14291,-1
14292,-1
14293,-1
14294,-1
14295,-1
14296,-1
14297,-1
14298,-1
14299,-1
14300,-1
14301,-1
14302,-1
14303,-1
14304,-1
14305,79
14306,79
14307,79
14308,79
14309,79
14310,79
14311,79
14312,79
14313,79
14314,79
14315,79
14316,79
14317,79
14318,79
14319,79
14320,79
14321,79
14322,79
14323,79
14324,79
14325,79
14326,79
14327,79
14328,79
14329,79
14330,79
14331,79
14332,79
14333,79
14334,79
14335,79
14336,79
14337,79
14338,79
14339,79
14340,79
14341,79
14342,79
14343,79
14344,79
14345,79
14346,79
14347,79
14348,79
14349,79
14350,79
14351,79
14352,79
14353,79
14354,79
14355,79
14356,79
14357,79
14358,79
14359,79
14360,79
14361,79
14362,-1
14363,-1
14364,-1
14365,-1
14366,-1
14367,79
14368,79
14369,79
14370,-1
14371,-1
14372,-1
14373,-1
14374,-1
14375,-1
14376,-1
14377,-1
14378,-1
14379,-1
14380,-1
14381,-1
14382,-1
14383,-1
14384,-1
14385,-1
14386,-1
14387,-1
14388,-1
14389,-1
14390,-1
14391,-1
14392,-1
14393,-1
14394,-1
14395,-1
14396,-1
14397,-1
14398,-1
14399,-1
14400,57
14401,57
14402,57
14403,57
14404,57
14405,57
14406,57
14407,57
14408,57
14409,57
14410,57
14411,57
14412,-1
14413,-1
14414,-1
14415,-1
14416,-1
14417,-1
14418,-1
14419,-1
14420,-1
14421,-1
14422,-1
14423,-1
14424,-1
14425,-1
14426,-1
14427,-1
14428,-1
14429,-1
14430,58
14431,58
14432,58
14433,58
14434,58
14435,58
14436,58
14437,58
14438,58
14439,58
14440,58
14441,58
14442,58
14443,58
14444,-1
14445,58
14446,58
14447,58
14448,58
14449,58
14450,58
14451,58
14452,-1
14453,59
14454,-1
14455,-1
14456,-1
14457,-1
14458,-1
14459,-1
14460,-1
14461,59
14462,59
14463,59
14464,-1
14465,-1
14466,-1
14467,-1
14468,33
14469,-1
14470,-1
14471,-1
14472,-1
14473,-1
14474,-1
14475,-1
14476,-1
14477,-1
14478,18
14479,-1
14480,-1
14481,-1
14482,-1
14483,11
14484,-1
14485,-1
14486,-1
14487,11
14488,8
14489,-1
14490,-1
14491,-1
14492,59
14493,59
14494,59
14495,59
14496,59
14497,59
14498,59
14499,59
14500,59
14501,59
14502,59
14503,59
14504,59
14505,59
14506,59
14507,59
14508,59
14509,59
14510,59
14511,59
14512,59
14513,59
14514,59
14515,59
14516,59
14517,59
14518,59
14519,59
14520,59
14521,59
14522,59
14523,59
14524,59
14525,59
14526,59
14527,59
14528,59
14529,59
14530,59
14531,59
14532,59
14533,59
14534,59
14535,59
14536,59
14537,59
14538,59
14539,59
14540,59
14541,59
14542,59
14543,59
14544,-1
14545,59
14546,59
14547,59
14548,59
14549,-1
14550,59
14551,59
14552,59
14553,59
14554,59
14555,59
14556,59
14557,59
14558,59
14559,59
14560,59
14561,59
14562,59
14563,59
14564,59
14565,-1
14566,-1
14567,59
14568,59
14569,-1
14570,-1
14571,-1
14572,-1
14573,11
14574,8
14575,-1
14576,-1
14577,-1
14578,11
14579,8
14580,-1
14581,-1
14582,-1
14583,59
14584,59
14585,59
14586,59
14587,59
14588,59
14589,59
14590,59
14591,59
14592,59
14593,59
14594,59
14595,59
14596,59
14597,59
14598,59
14599,59
14600,59
14601,59
14602,59
14603,59
14604,59
14605,59
14606,59
14607,59
14608,59
14609,59
14610,59
14611,59
14612,59
14613,59
14614,59
14615,59
14616,59
14617,59
14618,59
14619,59
14620,59
14621,59
14622,59
14623,59
14624,59
14625,59
14626,59
14627,59
14628,59
14629,59
14630,-1
14631,59
14632,59
14633,59
14634,59
14635,59
14636,59
14637,59
14638,59
14639,59
14640,59
14641,59
14642,59
14643,-1
14644,-1
14645,59
14646,-1
14647,-1
14648,-1
14649,-1
14650,-1
14651,-1
14652,-1
14653,33
14654,33
14655,33
14656,-1
14657,-1
14658,-1
14659,-1
14660,-1
14661,-1
14662,-1
14663,-1
14664,18
14665,18
14666,-1
14667,-1
14668,-1
14669,-1
14670,-1
14671,-1
14672,11
14673,8
14674,-1
14675,-1
14676,-1
14677,11
14678,8
14679,-1
14680,-1
14681,-1
14682,62
14683,62
14684,62
14685,62
14686,62
14687,62
14688,62
14689,62
14690,62
14691,62
14692,62
14693,62
14694,62
14695,62
14696,62
14697,62
14698,62
14699,62
14700,62
14701,62
14702,62
14703,62
14704,62
14705,62
14706,62
14707,62
14708,62
14709,62
14710,62
14711,62
14712,62
14713,62
14714,62
14715,62
14716,62
14717,62
14718,62
14719,62
14720,62
14721,62
14722,62
14723,62
14724,-1
14725,62
14726,62
14727,62
14728,62
14729,62
14730,62
14731,62
14732,62
14733,62
14734,62
14735,-1
14736,-1
14737,-1
14738,-1
14739,-1
14740,-1
14741,-1
14742,-1
14743,-1
14744,-1
14745,-1
14746,-1
14747,33
14748,33
14749,33
14750,33
14751,-1
14752,-1
14753,-1
14754,-1
14755,-1
14756,-1
14757,-1
14758,18
14759,18
14760,-1
14761,-1
14762,-1
14763,-1
14764,-1
14765,11
14766,8
14767,-1
14768,-1
14769,-1
14770,11
14771,8
14772,-1
14773,-1
14774,-1
14775,65
14776,65
14777,65
14778,65
14779,65
14780,65
14781,65
14782,65
14783,65
14784,65
14785,65
14786,65
14787,65
14788,65
14789,65
14790,65
14791,65
14792,65
14793,65
14794,65
14795,65
14796,65
14797,65
14798,65
14799,65
14800,65
14801,65
14802,65
14803,65
14804,65
14805,65
14806,65
14807,65
14808,65
14809,65
14810,65
14811,65
14812,65
14813,65
14814,65
14815,65
14816,65
14817,65
14818,-1
14819,65
14820,65
14821,65
14822,65
14823,65
14824,65
14825,65
14826,-1
14827,-1
14828,-1
14829,-1
14830,-1
14831,-1
14832,-1
14833,-1
14834,-1
14835,-1
14836,-1
14837,65
14838,-1
14839,-1
14840,33
14841,33
14842,33
14843,33
14844,33
14845,-1
14846,-1
14847,-1
14848,-1
14849,-1
14850,-1
14851,18
14852,18
14853,18
14854,-1
14855,-1
14856,-1
14857,11
14858,-1
14859,-1
14860,-1
14861,11
14862,8
14863,-1
14864,-1
14865,-1
14866,66
14867,66
14868,66
14869,-1
14870,66
14871,66
14872,66
14873,66
14874,66
14875,66
14876,66
14877,66
14878,66
14879,66
14880,66
14881,66
14882,66
14883,66
14884,66
14885,66
14886,66
14887,66
14888,66
14889,66
14890,66
14891,66
14892,66
14893,66
14894,66
14895,66
14896,66
14897,66
14898,66
14899,66
14900,66
14901,-1
14902,66
14903,66
14904,66
14905,66
14906,66
14907,66
14908,66
14909,-1
14910,-1
14911,-1
14912,-1
14913,-1
14914,-1
14915,-1
14916,-1
14917,-1
14918,66
14919,66
14920,66
14921,-1
14922,-1
14923,-1
14924,33
14925,33
14926,33
14927,33
14928,-1
14929,-1
14930,-1
14931,-1
14932,-1
14933,-1
14934,-1
14935,18
14936,-1
14937,-1
14938,-1
14939,-1
14940,-1
14941,-1
14942,-1
14943,-1
14944,8
14945,-1
14946,-1
14947,-1
14948,-1
14949,63
14950,63
14951,-1
14952,63
14953,63
14954,63
14955,63
14956,63
14957,63
14958,63
14959,63
14960,63
14961,63
14962,63
14963,63
14964,63
14965,63
14966,63
14967,63
14968,63
14969,63
14970,63
14971,63
14972,63
14973,63
14974,63
14975,63
14976,63
14977,63
14978,63
14979,63
14980,63
14981,63
14982,63
14983,63
14984,63
14985,63
14986,63
14987,63
14988,63
14989,-1
14990,63
14991,-1
14992,-1
14993,63
14994,63
14995,63
14996,63
14997,63
14998,63
14999,63
15000,-1
15001,-1
15002,-1
15003,-1
15004,-1
15005,-1
15006,-1
15007,-1
15008,-1
15009,-1
15010,-1
15011,-1
15012,-1
15013,-1
15014,33
15015,33
15016,33
15017,-1
15018,-1
15019,-1
15020,-1
15021,-1
15022,-1
15023,-1
15024,-1
15025,18
15026,-1
15027,-1
15028,-1
15029,-1
15030,-1
15031,-1
15032,8
15033,-1
15034,-1
15035,-1
15036,-1
15037,-1
15038,-1
15039,-1
15040,-1
15041,-1
15042,-1
15043,-1
15044,-1
15045,-1
15046,-1
15047,64
15048,64
15049,64
15050,64
15051,-1
15052,63
15053,64
15054,64
15055,64
15056,64
15057,64
15058,64
15059,-1
15060,64
15061,64
15062,-1
15063,64
15064,-1
15065,-1
15066,64
15067,-1
15068,-1
15069,-1
15070,-1
15071,64
15072,64
15073,64
15074,64
15075,-1
15076,64
15077,64
15078,-1
15079,-1
15080,-1
15081,-1
15082,-1
15083,-1
15084,-1
15085,-1
15086,-1
15087,64
15088,-1
15089,-1
15090,-1
15091,-1
15092,-1
15093,-1
15094,-1
15095,-1
15096,-1
15097,-1
15098,-1
15099,-1
15100,-1
15101,-1
15102,-1
15103,-1
15104,-1
15105,-1
15106,-1
15107,-1
15108,-1
15109,-1
15110,-1
15111,-1
15112,-1
15113,-1
15114,-1
15115,-1
15116,-1
15117,-1
15118,-1
15119,-1
15120,-1
15121,-1
15122,-1
15123,-1
15124,-1
15125,-1
15126,-1
15127,-1
15128,-1
15129,-1
15130,-1
15131,-1
15132,-1
15133,-1
15134,4
15135,4
15136,4
15137,4
15138,4
15139,4
15140,4
15141,4
15142,4
15143,4
15144,4
15145,4
15146,4
15147,4
15148,4
15149,4
15150,4
15151,4
15152,4
15153,4
15154,4
15155,4
15156,4
15157,4
15158,4
15159,4
15160,4
15161,-1
15162,5
15163,5
15164,5
15165,5
15166,5
15167,5
15168,5
15169,5
15170,5
15171,5
15172,5
15173,5
15174,5
15175,5
15176,5
15177,5
15178,5
15179,5
15180,-1
15181,-1
15182,-1
15183,-1
15184,-1
15185,-1
15186,-1
15187,-1
15188,-1
