{
  "window_size": 10,
  "embed_dim": 32,
  "n_components": 3,
  "model_type": "embed_hmm",
  "smooth_kernel": 3,
  "recon_loss": 0.0378317063053449,
  "hmm_score": -531.6594965443079,
  "segmentation_consistency": 0.9591836734693877,
  "boundary_stability": 1.0,
  "mean_state_duration": 16.666666666666668,
  "std_state_duration": 4.109609335312651,
  "time_sec": 1.074221134185791
}