{
  "window_size": 10,
  "embed_dim": 16,
  "n_components": 7,
  "model_type": "embed_hmm",
  "smooth_kernel": 5,
  "recon_loss": 0.05329852054516474,
  "hmm_score": -0.2757729013159711,
  "segmentation_consistency": 0.9183673469387755,
  "boundary_stability": 1.0,
  "mean_state_duration": 10.0,
  "std_state_duration": 2.0976176963403033,
  "time_sec": 1.0143861770629883
}