{
  "window_size": 5,
  "embed_dim": 32,
  "n_components": 3,
  "model_type": "embed_hmm",
  "smooth_kernel": 5,
  "recon_loss": 0.03220083129902681,
  "hmm_score": -1130.4639130753371,
  "segmentation_consistency": 0.9591836734693877,
  "boundary_stability": 1.0,
  "mean_state_duration": 16.666666666666668,
  "std_state_duration": 2.8674417556808756,
  "time_sec": 0.6762957572937012
}