{
  "window_size": 10,
  "embed_dim": 32,
  "n_components": 3,
  "model_type": "raw_hmm",
  "smooth_kernel": 3,
  "recon_loss": null,
  "hmm_score": 2577.7281194286484,
  "segmentation_consistency": 0.9591836734693877,
  "boundary_stability": 1.0,
  "mean_state_duration": 16.666666666666668,
  "std_state_duration": 3.681787005729087,
  "time_sec": 0.07530713081359863
}