{
  "window_size": 10,
  "embed_dim": 32,
  "n_components": 5,
  "model_type": "embed_hmm",
  "smooth_kernel": 3,
  "recon_loss": 0.05547289177775383,
  "hmm_score": 278.76358784955704,
  "segmentation_consistency": 0.9183673469387755,
  "boundary_stability": 1.0,
  "mean_state_duration": 10.0,
  "std_state_duration": 2.280350850198276,
  "time_sec": 0.9967129230499268
}